"sex","age","disease","dw_raw","dw_adj"
1,0,"all_cause_dementia",0,0
2,0,"all_cause_dementia",0,0
1,1,"all_cause_dementia",0,0
2,1,"all_cause_dementia",0,0
1,2,"all_cause_dementia",0,0
2,2,"all_cause_dementia",0,0
1,3,"all_cause_dementia",0,0
2,3,"all_cause_dementia",0,0
1,4,"all_cause_dementia",0,0
2,4,"all_cause_dementia",0,0
1,5,"all_cause_dementia",0,0
2,5,"all_cause_dementia",0,0
1,6,"all_cause_dementia",0,0
2,6,"all_cause_dementia",0,0
1,7,"all_cause_dementia",0,0
2,7,"all_cause_dementia",0,0
1,8,"all_cause_dementia",0,0
2,8,"all_cause_dementia",0,0
1,9,"all_cause_dementia",0,0
2,9,"all_cause_dementia",0,0
1,10,"all_cause_dementia",0,0
2,10,"all_cause_dementia",0,0
1,11,"all_cause_dementia",0,0
2,11,"all_cause_dementia",0,0
1,12,"all_cause_dementia",0,0
2,12,"all_cause_dementia",0,0
1,13,"all_cause_dementia",0,0
2,13,"all_cause_dementia",0,0
1,14,"all_cause_dementia",0,0
2,14,"all_cause_dementia",0,0
1,15,"all_cause_dementia",0,0
2,15,"all_cause_dementia",0,0
1,16,"all_cause_dementia",0,0
2,16,"all_cause_dementia",0,0
1,17,"all_cause_dementia",0,0
2,17,"all_cause_dementia",0,0
1,18,"all_cause_dementia",0,0
2,18,"all_cause_dementia",0,0
1,19,"all_cause_dementia",0,0
2,19,"all_cause_dementia",0,0
1,20,"all_cause_dementia",0,0
2,20,"all_cause_dementia",0,0
1,21,"all_cause_dementia",0,0
2,21,"all_cause_dementia",0,0
1,22,"all_cause_dementia",0,0
2,22,"all_cause_dementia",0,0
1,23,"all_cause_dementia",0,0
2,23,"all_cause_dementia",0,0
1,24,"all_cause_dementia",0,0
2,24,"all_cause_dementia",0,0
1,25,"all_cause_dementia",0,0
2,25,"all_cause_dementia",0,0
1,26,"all_cause_dementia",0,0
2,26,"all_cause_dementia",0,0
1,27,"all_cause_dementia",0,0
2,27,"all_cause_dementia",0,0
1,28,"all_cause_dementia",0,0
2,28,"all_cause_dementia",0,0
1,29,"all_cause_dementia",0,0
2,29,"all_cause_dementia",0,0
1,30,"all_cause_dementia",0,0
2,30,"all_cause_dementia",0,0
1,31,"all_cause_dementia",0,0
2,31,"all_cause_dementia",0,0
1,32,"all_cause_dementia",0,0
2,32,"all_cause_dementia",0,0
1,33,"all_cause_dementia",0,0
2,33,"all_cause_dementia",0,0
1,34,"all_cause_dementia",0,0
2,34,"all_cause_dementia",0,0
1,35,"all_cause_dementia",0,0
2,35,"all_cause_dementia",0,0
1,36,"all_cause_dementia",0,0
2,36,"all_cause_dementia",0,0
1,37,"all_cause_dementia",0,0
2,37,"all_cause_dementia",0,0
1,38,"all_cause_dementia",0,0
2,38,"all_cause_dementia",0,0
1,39,"all_cause_dementia",0,0
2,39,"all_cause_dementia",0,0
1,40,"all_cause_dementia",0.180379186681451,0.200536004279023
2,40,"all_cause_dementia",0.2063743530828,0.238236557505229
1,41,"all_cause_dementia",0.17898895652461,0.19936681510755
2,41,"all_cause_dementia",0.203045895645652,0.234782366182457
1,42,"all_cause_dementia",0.177609441239725,0.19820444268364
2,42,"all_cause_dementia",0.199771120406632,0.231378257172069
1,43,"all_cause_dementia",0.176037344664358,0.196813119810483
2,43,"all_cause_dementia",0.196239922375604,0.227659814041886
1,44,"all_cause_dementia",0.174277980773582,0.195197770802735
2,44,"all_cause_dementia",0.192467847502022,0.223643854691307
1,45,"all_cause_dementia",0.172635757677245,0.193711582048161
2,45,"all_cause_dementia",0.188916952568161,0.219874153713039
1,46,"all_cause_dementia",0.171404055113475,0.192697476914668
2,46,"all_cause_dementia",0.186016443885726,0.216859209652338
1,47,"all_cause_dementia",0.170869719686405,0.192493448825613
2,47,"all_cause_dementia",0.184172658214325,0.215083897091169
1,48,"all_cause_dementia",0.171296741233723,0.193406195076073
2,48,"all_cause_dementia",0.183545026720327,0.21474157396082
1,49,"all_cause_dementia",0.172493217722336,0.195217819473159
2,49,"all_cause_dementia",0.183831487187559,0.215481176013528
1,50,"all_cause_dementia",0.174062181502726,0.197478881090801
2,50,"all_cause_dementia",0.184748807269685,0.216975003174791
1,51,"all_cause_dementia",0.175596899624144,0.199724552527871
2,51,"all_cause_dementia",0.1860169412746,0.218896804692643
1,52,"all_cause_dementia",0.176676926330741,0.201469509536723
2,52,"all_cause_dementia",0.187351475096174,0.220912700354854
1,53,"all_cause_dementia",0.177180344146618,0.202564082656005
2,53,"all_cause_dementia",0.188955631152199,0.223250104675256
1,54,"all_cause_dementia",0.177382292203373,0.203322673136021
2,54,"all_cause_dementia",0.19103410114768,0.226153990418625
1,55,"all_cause_dementia",0.177451953413921,0.203946936911067
2,55,"all_cause_dementia",0.19329195765994,0.229298474128362
1,56,"all_cause_dementia",0.177559490441236,0.204641787253639
2,56,"all_cause_dementia",0.195421337873306,0.232340611696846
1,57,"all_cause_dementia",0.177875593919706,0.205615078612678
2,57,"all_cause_dementia",0.197101068700168,0.234919395558569
1,58,"all_cause_dementia",0.178418435510335,0.20688431637969
2,58,"all_cause_dementia",0.198222265427118,0.23689959955271
1,59,"all_cause_dementia",0.179075480514813,0.208314889323809
2,59,"all_cause_dementia",0.198987910960139,0.238506195569545
1,60,"all_cause_dementia",0.179822186384116,0.209889396479141
2,60,"all_cause_dementia",0.199540134843342,0.239912018983234
1,61,"all_cause_dementia",0.180633745936188,0.211590144792014
2,61,"all_cause_dementia",0.200023789747228,0.241295078447267
1,62,"all_cause_dementia",0.181484978550529,0.213399025043655
2,62,"all_cause_dementia",0.200585424883754,0.242837725128559
1,63,"all_cause_dementia",0.182422046504914,0.215378435241311
2,63,"all_cause_dementia",0.201175394926704,0.244491004449377
1,64,"all_cause_dementia",0.183463776304528,0.217547079176673
2,64,"all_cause_dementia",0.201695301214166,0.246133412927756
1,65,"all_cause_dementia",0.184542630699554,0.219818605925871
2,65,"all_cause_dementia",0.202220403136106,0.247843490741725
1,66,"all_cause_dementia",0.185589528267749,0.222103138378813
2,66,"all_cause_dementia",0.202826772528977,0.249701993679469
1,67,"all_cause_dementia",0.186533834630835,0.224307035232179
2,67,"all_cause_dementia",0.203591456675082,0.251792242718994
1,68,"all_cause_dementia",0.187565060279889,0.226675259151009
2,68,"all_cause_dementia",0.204813917508212,0.254511687798067
1,69,"all_cause_dementia",0.188731806722062,0.229276268943129
2,69,"all_cause_dementia",0.206450748315242,0.257825559060891
1,70,"all_cause_dementia",0.189746124214158,0.231736925862767
2,70,"all_cause_dementia",0.208057327241125,0.261151936182619
1,71,"all_cause_dementia",0.190314209738073,0.233668365079964
2,71,"all_cause_dementia",0.209175877892691,0.26387957093135
1,72,"all_cause_dementia",0.190141024788325,0.234671599207887
2,72,"all_cause_dementia",0.209341191521527,0.265374823443836
1,73,"all_cause_dementia",0.188649730941193,0.23400422489756
2,73,"all_cause_dementia",0.207967054152699,0.264863439637268
1,74,"all_cause_dementia",0.18606088318596,0.231934037914715
2,74,"all_cause_dementia",0.205382212943726,0.262761579388177
1,75,"all_cause_dementia",0.183260279271192,0.229568859718998
2,75,"all_cause_dementia",0.202481888226629,0.26021293935791
1,76,"all_cause_dementia",0.181088902960003,0.22798130513491
2,76,"all_cause_dementia",0.200120336011203,0.258328732338505
1,77,"all_cause_dementia",0.18035218536209,0.228219808869623
2,77,"all_cause_dementia",0.199115274371877,0.258192106022445
1,78,"all_cause_dementia",0.181414905711277,0.230768895838915
2,78,"all_cause_dementia",0.199776270153652,0.260191527505298
1,79,"all_cause_dementia",0.183745176023943,0.234972835655758
2,79,"all_cause_dementia",0.201554011452298,0.263627191311949
1,80,"all_cause_dementia",0.186799831950423,0.24017152207637
2,80,"all_cause_dementia",0.203972080180692,0.267950045362965
1,81,"all_cause_dementia",0.190011859760108,0.24566079034157
2,81,"all_cause_dementia",0.206540511681189,0.2725861378764
1,82,"all_cause_dementia",0.192776798950647,0.250673067976164
2,82,"all_cause_dementia",0.208746176038029,0.276923438946986
1,83,"all_cause_dementia",0.195062025010387,0.255198115100645
2,83,"all_cause_dementia",0.210561509201585,0.280980500776894
1,84,"all_cause_dementia",0.197265214818785,0.259744997679054
2,84,"all_cause_dementia",0.212326536870966,0.285171870959028
1,85,"all_cause_dementia",0.199400842507365,0.264275060551324
2,85,"all_cause_dementia",0.214063081586392,0.289447283340642
1,86,"all_cause_dementia",0.201484223806335,0.268747072787102
2,86,"all_cause_dementia",0.215793741563575,0.293753340397717
1,87,"all_cause_dementia",0.203531467150959,0.273117288163806
2,87,"all_cause_dementia",0.217541872487172,0.298033406279028
1,88,"all_cause_dementia",0.205495697071179,0.277268633324781
2,88,"all_cause_dementia",0.219321883158797,0.302261705078841
1,89,"all_cause_dementia",0.207361742712291,0.281215238210744
2,89,"all_cause_dementia",0.221118243904751,0.306472743459986
1,90,"all_cause_dementia",0.209195807941396,0.285115741691244
2,90,"all_cause_dementia",0.222909450626574,0.310699283952457
1,91,"all_cause_dementia",0.211066579488172,0.289138190691039
2,91,"all_cause_dementia",0.224673302429788,0.314975981822156
1,92,"all_cause_dementia",0.21304523608549,0.293460273883745
2,92,"all_cause_dementia",0.226386917883419,0.319339422462317
1,93,"all_cause_dementia",0.21515233565331,0.298145252690658
2,93,"all_cause_dementia",0.228028988061604,0.323793114532737
1,94,"all_cause_dementia",0.217343361085914,0.3030884682204
2,94,"all_cause_dementia",0.229612649329409,0.328314385166438
1,95,"all_cause_dementia",0.219593123512333,0.308220254894598
2,95,"all_cause_dementia",0.231166857236878,0.332901954748842
1,96,"all_cause_dementia",0.221875374986687,0.313466041603356
2,96,"all_cause_dementia",0.232721404994714,0.337554429560723
1,97,"all_cause_dementia",0.224162752575778,0.318745968214022
2,97,"all_cause_dementia",0.23430690474632,0.342270297324375
1,98,"all_cause_dementia",0.226454927741554,0.324058767905428
2,98,"all_cause_dementia",0.235923845743002,0.347050398514678
1,99,"all_cause_dementia",0.228770541533641,0.329460120373578
2,99,"all_cause_dementia",0.237551945173916,0.351897257958818
1,100,"all_cause_dementia",0.231109833623602,0.33495150160001
2,100,"all_cause_dementia",0.239191280042896,0.356811807993638
1,0,"bladder_cancer",0,0
2,0,"bladder_cancer",0,0
1,1,"bladder_cancer",0,0
2,1,"bladder_cancer",0,0
1,2,"bladder_cancer",0,0
2,2,"bladder_cancer",0,0
1,3,"bladder_cancer",0,0
2,3,"bladder_cancer",0,0
1,4,"bladder_cancer",0,0
2,4,"bladder_cancer",0,0
1,5,"bladder_cancer",0,0
2,5,"bladder_cancer",0,0
1,6,"bladder_cancer",0,0
2,6,"bladder_cancer",0,0
1,7,"bladder_cancer",0,0
2,7,"bladder_cancer",0,0
1,8,"bladder_cancer",0,0
2,8,"bladder_cancer",0,0
1,9,"bladder_cancer",0,0
2,9,"bladder_cancer",0,0
1,10,"bladder_cancer",0,0
2,10,"bladder_cancer",0,0
1,11,"bladder_cancer",0,0
2,11,"bladder_cancer",0,0
1,12,"bladder_cancer",0,0
2,12,"bladder_cancer",0,0
1,13,"bladder_cancer",0,0
2,13,"bladder_cancer",0,0
1,14,"bladder_cancer",0,0
2,14,"bladder_cancer",0,0
1,15,"bladder_cancer",0.0842147092247479,0.0905727862977
2,15,"bladder_cancer",0.083258495048576,0.096082242205813
1,16,"bladder_cancer",0.0837318135588199,0.0901519173269059
2,16,"bladder_cancer",0.082768391310692,0.0951921550346921
1,17,"bladder_cancer",0.0832516868655134,0.0897330040284258
2,17,"bladder_cancer",0.082281172583806,0.0943103134576998
1,18,"bladder_cancer",0.0827046541344078,0.0892722204487441
2,18,"bladder_cancer",0.0817493173011946,0.0933515916296598
1,19,"bladder_cancer",0.0820920726850106,0.088770232537639
2,19,"bladder_cancer",0.0811737297553884,0.0923185075416118
1,20,"bladder_cancer",0.0815183368375269,0.0882927274429897
2,20,"bladder_cancer",0.0806256104493066,0.0913384354366998
1,21,"bladder_cancer",0.0810850283783839,0.08790401805488
2,21,"bladder_cancer",0.0801742897887813,0.0905335068078185
1,22,"bladder_cancer",0.0808920354489632,0.0876674560314651
2,22,"bladder_cancer",0.0798877632061699,0.0900221406189596
1,23,"bladder_cancer",0.0808603745273376,0.0876288934102811
2,23,"bladder_cancer",0.0797991796984571,0.0898648003378181
1,24,"bladder_cancer",0.0808418415123129,0.0877450017650627
2,24,"bladder_cancer",0.0798614741888829,0.0899776582891322
1,25,"bladder_cancer",0.0808325297136471,0.0879454831061458
2,25,"bladder_cancer",0.0800224717024102,0.0902631430524032
1,26,"bladder_cancer",0.0808285384703623,0.0881598289430342
2,26,"bladder_cancer",0.0802301042631484,0.0906239128493062
1,27,"bladder_cancer",0.0808259696431048,0.0883169256274203
2,27,"bladder_cancer",0.0804319357225217,0.090961509322275
1,28,"bladder_cancer",0.0808051761202884,0.0883996879430077
2,28,"bladder_cancer",0.0806636150260217,0.0913174894016419
1,29,"bladder_cancer",0.0807623949671111,0.088455424240415
2,29,"bladder_cancer",0.0809608072651341,0.091758814079685
1,30,"bladder_cancer",0.08071753933844,0.0885092749839422
2,30,"bladder_cancer",0.0812702555193386,0.0922233080257589
1,31,"bladder_cancer",0.0806904842799664,0.08858645031447
2,31,"bladder_cancer",0.0815379383964825,0.092647611301403
1,32,"bladder_cancer",0.0807010860788132,0.0887122606161367
2,32,"bladder_cancer",0.0817091688970452,0.0929672391766835
1,33,"bladder_cancer",0.0807608783890354,0.0889011807529138
2,33,"bladder_cancer",0.0817403754867141,0.0931303493195379
1,34,"bladder_cancer",0.0808566928414282,0.089136695556714
2,34,"bladder_cancer",0.0816675373117598,0.0931787942505656
1,35,"bladder_cancer",0.0809713311999034,0.089397647380161
2,35,"bladder_cancer",0.0815551858065124,0.0931885120008026
1,36,"bladder_cancer",0.0810875219915807,0.0896626663584576
2,36,"bladder_cancer",0.0814676687249795,0.0932356460429147
1,37,"bladder_cancer",0.0811878987608717,0.0899101350742227
2,37,"bladder_cancer",0.0814690920017229,0.0933965401665656
1,38,"bladder_cancer",0.0812612848359661,0.0901253932377733
2,38,"bladder_cancer",0.0815847289678997,0.093707820159127
1,39,"bladder_cancer",0.0813192052825277,0.090322702479027
2,39,"bladder_cancer",0.0817720884312472,0.0941197010604843
1,40,"bladder_cancer",0.081378324456447,0.0905238007763589
2,40,"bladder_cancer",0.0819935559891368,0.0945789153805696
1,41,"bladder_cancer",0.0814553582261725,0.0907506242831856
2,41,"bladder_cancer",0.0822111974252643,0.0950312924203997
1,42,"bladder_cancer",0.0815670936172361,0.0910253431286209
2,42,"bladder_cancer",0.082386688713501,0.0954216425772962
1,43,"bladder_cancer",0.0817492186643413,0.0914028017249727
2,43,"bladder_cancer",0.0825000339093992,0.095721196410799
1,44,"bladder_cancer",0.0819909867104426,0.0918694788707927
2,44,"bladder_cancer",0.0825765515941312,0.0959659954271661
1,45,"bladder_cancer",0.0822392572962704,0.0923442019330214
2,45,"bladder_cancer",0.0826457682386577,0.0961977919998354
1,46,"bladder_cancer",0.0824402869632847,0.0927441916206295
2,46,"bladder_cancer",0.0827373273643234,0.096458780149397
1,47,"bladder_cancer",0.0825398628967001,0.0929853627883209
2,47,"bladder_cancer",0.0828810165921492,0.0967916313765341
1,48,"bladder_cancer",0.0824786121885528,0.0930809559162932
2,48,"bladder_cancer",0.0830956131108623,0.0972191024050763
1,49,"bladder_cancer",0.0822926744320392,0.0931267589315531
2,49,"bladder_cancer",0.083361736395043,0.0977138642990279
1,50,"bladder_cancer",0.0820708834944735,0.093162210675675
2,50,"bladder_cancer",0.083651925028114,0.098243539250879
1,51,"bladder_cancer",0.0819013405347946,0.0932268391244306
2,51,"bladder_cancer",0.0839383758450498,0.0987751015454441
1,52,"bladder_cancer",0.081871500704372,0.0933603013959346
2,52,"bladder_cancer",0.0841929102171639,0.0992748156226676
1,53,"bladder_cancer",0.0820427253909198,0.0937077427930468
2,53,"bladder_cancer",0.0844315640592239,0.0997554579304104
1,54,"bladder_cancer",0.0823573594385822,0.094300722752818
2,54,"bladder_cancer",0.0846730553923872,0.100239429729472
1,55,"bladder_cancer",0.0827239254044874,0.0950077230296693
2,55,"bladder_cancer",0.0848927671509123,0.100706631604843
1,56,"bladder_cancer",0.0830496141900309,0.0956941025116342
2,56,"bladder_cancer",0.0850658386346805,0.101136596432986
1,57,"bladder_cancer",0.0832402253244559,0.0962214382348093
2,57,"bladder_cancer",0.0851672653732885,0.101508543991228
1,58,"bladder_cancer",0.0832511862466525,0.0965403072505731
2,58,"bladder_cancer",0.0851243491375345,0.101733900474877
1,59,"bladder_cancer",0.0831447662893912,0.0967409431886732
2,59,"bladder_cancer",0.084953740885151,0.101825248780953
1,60,"bladder_cancer",0.0829866221418632,0.0968929397072185
2,60,"bladder_cancer",0.0847642956620104,0.101914200498714
1,61,"bladder_cancer",0.0828421427779541,0.0970665265217499
2,61,"bladder_cancer",0.084664100767996,0.102133005590471
1,62,"bladder_cancer",0.0827762993377196,0.0973324719019265
2,62,"bladder_cancer",0.0847609235083692,0.102615381234687
1,63,"bladder_cancer",0.0827736256089736,0.0976579318436944
2,63,"bladder_cancer",0.0851217206753985,0.103449504826224
1,64,"bladder_cancer",0.0827762295680977,0.0979960461484779
2,64,"bladder_cancer",0.085676952841022,0.104553555214553
1,65,"bladder_cancer",0.0827852973711311,0.0983977003953609
2,65,"bladder_cancer",0.0863294728911789,0.10580632608492
1,66,"bladder_cancer",0.082802017039753,0.0989146940730447
2,66,"bladder_cancer",0.0869797550356489,0.107081614381309
1,67,"bladder_cancer",0.0828275794732524,0.0996002083154073
2,67,"bladder_cancer",0.0875253467635633,0.108247191293133
1,68,"bladder_cancer",0.0830028699683409,0.100483838346113
2,68,"bladder_cancer",0.0879706266295435,0.109294786376975
1,69,"bladder_cancer",0.0834181428304643,0.101535828783696
2,69,"bladder_cancer",0.088382852362221,0.110310791463099
1,70,"bladder_cancer",0.0839990905962508,0.102721205474384
2,70,"bladder_cancer",0.0887518466889471,0.111300817442351
1,71,"bladder_cancer",0.0846706128327265,0.10400378358155
2,71,"bladder_cancer",0.0890673262597934,0.112270733018057
1,72,"bladder_cancer",0.0853556482223224,0.105345737418094
2,72,"bladder_cancer",0.0893189561742632,0.113226651920033
1,73,"bladder_cancer",0.0860153199749125,0.106694815728729
2,73,"bladder_cancer",0.0894735277578817,0.113953542313573
1,74,"bladder_cancer",0.086702524292562,0.108078958952776
2,74,"bladder_cancer",0.0895816514066664,0.114442327912271
1,75,"bladder_cancer",0.0874774778945866,0.109582419775953
2,75,"bladder_cancer",0.0897592698183388,0.115013943558539
1,76,"bladder_cancer",0.0884027008305168,0.111294302319804
2,76,"bladder_cancer",0.0901233784014354,0.115996405893181
1,77,"bladder_cancer",0.0895438520766201,0.113309859624643
2,77,"bladder_cancer",0.0907936935856747,0.117731876845671
1,78,"bladder_cancer",0.0908816058287416,0.115605979271319
2,78,"bladder_cancer",0.0921771896282469,0.120429709699393
1,79,"bladder_cancer",0.092382291367775,0.118138225104935
2,79,"bladder_cancer",0.0944096970866214,0.123921426169761
1,80,"bladder_cancer",0.0940958472269811,0.120980530943772
2,80,"bladder_cancer",0.0972023447107361,0.127991328173252
1,81,"bladder_cancer",0.0960766040140052,0.124214638524209
2,81,"bladder_cancer",0.10024102679402,0.132398863141771
1,82,"bladder_cancer",0.0983845177057375,0.127932142399388
2,82,"bladder_cancer",0.103172637700185,0.136869197699514
1,83,"bladder_cancer",0.100756077659569,0.131818384958769
2,83,"bladder_cancer",0.105507339655789,0.140792613258389
1,84,"bladder_cancer",0.103162091387266,0.135836605620344
2,84,"bladder_cancer",0.107458019995118,0.144324892513004
1,85,"bladder_cancer",0.106050629650427,0.140553752030097
2,85,"bladder_cancer",0.109738682961825,0.148384127824773
1,86,"bladder_cancer",0.109923469328977,0.146619968822772
2,86,"bladder_cancer",0.113128525498926,0.153998359817064
1,87,"bladder_cancer",0.11536962960137,0.154813606044604
2,87,"bladder_cancer",0.118523019816613,0.162377104299794
1,88,"bladder_cancer",0.123511822107458,0.166650468127936
2,88,"bladder_cancer",0.127316294372982,0.17546283876121
1,89,"bladder_cancer",0.134497732295155,0.18240014445994
2,89,"bladder_cancer",0.139593379304861,0.193478227616713
1,90,"bladder_cancer",0.147340691514816,0.200812582985965
2,90,"bladder_cancer",0.154168785038416,0.214886048952227
1,91,"bladder_cancer",0.160599304399985,0.220003528806195
2,91,"bladder_cancer",0.169250564090334,0.237277246658918
1,92,"bladder_cancer",0.172262099466972,0.237283329203762
2,92,"bladder_cancer",0.182270797521301,0.257109605786375
1,93,"bladder_cancer",0.181195665755782,0.251090128253408
2,93,"bladder_cancer",0.191757197995204,0.272288452888119
1,94,"bladder_cancer",0.188282488676856,0.262562660302448
2,94,"bladder_cancer",0.198822884283648,0.284289272395252
1,95,"bladder_cancer",0.194287921133903,0.27270194811665
2,95,"bladder_cancer",0.204441802184081,0.294415369023753
1,96,"bladder_cancer",0.200135951012632,0.282752533264302
2,96,"bladder_cancer",0.209782951177925,0.304282987712444
1,97,"bladder_cancer",0.206879541003169,0.294170279598239
2,97,"bladder_cancer",0.216160513091483,0.315762453375901
1,98,"bladder_cancer",0.214596732787246,0.307089598434049
2,98,"bladder_cancer",0.223659946300335,0.329009868633024
1,99,"bladder_cancer",0.222601797643466,0.320576305652564
2,99,"bladder_cancer",0.231419563469938,0.342813062479774
1,100,"bladder_cancer",0.230905474051316,0.334655319717438
2,100,"bladder_cancer",0.239448391374921,0.357195351905519
1,0,"breast_cancer",0,0
2,0,"breast_cancer",0,0
1,1,"breast_cancer",0,0
2,1,"breast_cancer",0,0
1,2,"breast_cancer",0,0
2,2,"breast_cancer",0,0
1,3,"breast_cancer",0,0
2,3,"breast_cancer",0,0
1,4,"breast_cancer",0,0
2,4,"breast_cancer",0,0
1,5,"breast_cancer",0,0
2,5,"breast_cancer",0,0
1,6,"breast_cancer",0,0
2,6,"breast_cancer",0,0
1,7,"breast_cancer",0,0
2,7,"breast_cancer",0,0
1,8,"breast_cancer",0,0
2,8,"breast_cancer",0,0
1,9,"breast_cancer",0,0
2,9,"breast_cancer",0,0
1,10,"breast_cancer",0,0
2,10,"breast_cancer",0,0
1,11,"breast_cancer",0,0
2,11,"breast_cancer",0,0
1,12,"breast_cancer",0,0
2,12,"breast_cancer",0,0
1,13,"breast_cancer",0,0
2,13,"breast_cancer",0,0
1,14,"breast_cancer",0,0
2,14,"breast_cancer",0,0
1,15,"breast_cancer",0.0820331182242899,0.0882264886343531
2,15,"breast_cancer",0.085314297909788,0.098454686583088
1,16,"breast_cancer",0.0815909331872718,0.0878468857975575
2,16,"breast_cancer",0.0860374086106641,0.0989518608439052
1,17,"breast_cancer",0.0811511316706074,0.0874689162379775
2,17,"breast_cancer",0.086766648285212,0.0994515457241169
1,18,"breast_cancer",0.080654102925494,0.0870283368489036
2,18,"breast_cancer",0.0875726090161639,0.100001354197258
1,19,"breast_cancer",0.0801009292040197,0.0865261112664456
2,19,"breast_cancer",0.0884573089444435,0.100602088477476
1,20,"breast_cancer",0.0795809356431424,0.0860585264992154
2,20,"breast_cancer",0.0893149529835357,0.101182341704536
1,21,"breast_cancer",0.0791812072258115,0.0857198691695832
2,21,"breast_cancer",0.0900356886138668,0.101669084310501
1,22,"breast_cancer",0.0789874296305813,0.0856033226972803
2,22,"breast_cancer",0.0905066149402173,0.10198807539607
1,23,"breast_cancer",0.0789583224861503,0.0856375697460814
2,23,"breast_cancer",0.0906734915111448,0.102110764062646
1,24,"breast_cancer",0.079026499404212,0.0857594918217874
2,24,"breast_cancer",0.090607617109825,0.10208503278337
1,25,"breast_cancer",0.0792388183752491,0.0860755141166318
2,25,"breast_cancer",0.0903846177646552,0.101951358280553
1,26,"breast_cancer",0.0796432850136529,0.0866945951507677
2,26,"breast_cancer",0.090080519755814,0.101750449494564
1,27,"breast_cancer",0.0802900598112648,0.0877313476384323
2,27,"breast_cancer",0.0897707546334168,0.101522899593336
1,28,"breast_cancer",0.0815958750119778,0.0894736342568613
2,28,"breast_cancer",0.0894957111038872,0.101316109469991
1,29,"breast_cancer",0.083675515460398,0.0918873899183287
2,29,"breast_cancer",0.0892056157833708,0.101103259589843
1,30,"breast_cancer",0.0861121182439675,0.0945903067926627
2,30,"breast_cancer",0.0888405449107236,0.100813869553152
1,31,"breast_cancer",0.0884459082557222,0.0971575499681913
2,31,"breast_cancer",0.0883416890263293,0.10037838370186
1,32,"breast_cancer",0.0901676459082755,0.0991185632266041
2,32,"breast_cancer",0.0876520484935877,0.0997289418877483
1,33,"breast_cancer",0.0911737318381478,0.100363599006636
2,33,"breast_cancer",0.0866678732672357,0.0987444609117437
1,34,"breast_cancer",0.0917755093511129,0.101173636332564
2,34,"breast_cancer",0.0854377151784748,0.0974803887309968
1,35,"breast_cancer",0.0920644987579115,0.101645230160189
2,35,"breast_cancer",0.0841297916824648,0.0961303689556471
1,36,"breast_cancer",0.092137440742261,0.101881132947351
2,36,"breast_cancer",0.0829033324183237,0.0948786908733882
1,37,"breast_cancer",0.0920934842456447,0.101987337206124
2,37,"breast_cancer",0.0819085869852924,0.0939003792284406
1,38,"breast_cancer",0.0918014248819684,0.10181526829137
2,38,"breast_cancer",0.0811832904837016,0.0932467298820851
1,39,"breast_cancer",0.0911977663522497,0.101294997760584
2,39,"breast_cancer",0.0806197498288036,0.0927933589446946
1,40,"breast_cancer",0.0904825468487966,0.100651175843043
2,40,"breast_cancer",0.0801469637937227,0.092448885954652
1,41,"breast_cancer",0.0898509845074907,0.100104316205605
2,41,"breast_cancer",0.0796960482787446,0.0921239284418964
1,42,"breast_cancer",0.0894931606449392,0.099870490587751
2,42,"breast_cancer",0.079199754759527,0.0917304823010158
1,43,"breast_cancer",0.0894389059169365,0.0999830104801743
2,43,"breast_cancer",0.0786600541029492,0.091265835075186
1,44,"breast_cancer",0.0895595052320135,0.100297088526882
2,44,"breast_cancer",0.0781218461795502,0.0907889780875921
1,45,"breast_cancer",0.0898058247278865,0.100760939760911
2,45,"breast_cancer",0.0775835381096033,0.0903054714202284
1,46,"breast_cancer",0.0901288798597116,0.101322648444342
2,46,"breast_cancer",0.0770435814461464,0.0898207631473541
1,47,"breast_cancer",0.0904792778897404,0.101929518467121
2,47,"breast_cancer",0.0765004723410504,0.0893401869743364
1,48,"breast_cancer",0.0910236198746932,0.102772135974233
2,48,"breast_cancer",0.0759592483465856,0.0888697930872357
1,49,"breast_cancer",0.0917993375017463,0.103893165962148
2,49,"breast_cancer",0.0754209688492574,0.0884059597860749
1,50,"breast_cancer",0.0925580609668985,0.105009957693717
2,50,"breast_cancer",0.0748783535931711,0.0879395718365066
1,51,"breast_cancer",0.0930437047749269,0.105828248343131
2,51,"breast_cancer",0.074324333291385,0.0874617062129745
1,52,"breast_cancer",0.0929964941742247,0.106046434353527
2,52,"breast_cancer",0.0737520570772622,0.0869636392096709
1,53,"breast_cancer",0.092120400554335,0.105318027922731
2,53,"breast_cancer",0.0731783476839809,0.0864598407615168
1,54,"breast_cancer",0.0906043101910065,0.103854281714657
2,54,"breast_cancer",0.0726080080666038,0.085956332727821
1,55,"breast_cancer",0.0889081272873504,0.10218281556168
2,55,"breast_cancer",0.0720169062411529,0.0854322492899249
1,56,"breast_cancer",0.0874640120645044,0.100804478007768
2,56,"breast_cancer",0.0713817131382428,0.0848672467141752
1,57,"breast_cancer",0.0866779077594061,0.1001952231062
2,57,"breast_cancer",0.0706800085352271,0.0842415771394335
1,58,"breast_cancer",0.0867478353221217,0.100654936310511
2,58,"breast_cancer",0.0698475583200665,0.0834244529069001
1,59,"breast_cancer",0.0873942578491662,0.101866845260646
2,59,"breast_cancer",0.0689045401207417,0.0824349828021404
1,60,"breast_cancer",0.0883000627875337,0.103372946064347
2,60,"breast_cancer",0.0679523670020385,0.0814727629632065
1,61,"breast_cancer",0.0891400396811014,0.104694467319854
2,61,"breast_cancer",0.0670871972414825,0.0807286051555424
1,62,"breast_cancer",0.0895773409219201,0.105329473388998
2,62,"breast_cancer",0.0664004745581714,0.0803873970329988
1,63,"breast_cancer",0.0894477429694367,0.105416942648108
2,63,"breast_cancer",0.0659096745699653,0.0803183142197869
1,64,"breast_cancer",0.0889747124283243,0.105458686164784
2,64,"breast_cancer",0.0655483085021094,0.0802685317980786
1,65,"breast_cancer",0.0883977619333965,0.105489802174941
2,65,"breast_cancer",0.0652804573288999,0.0802394079787682
1,66,"breast_cancer",0.0879518340287354,0.105545452398392
2,66,"breast_cancer",0.0650712732613842,0.0802323142061442
1,67,"breast_cancer",0.0878676412290434,0.105660885254076
2,67,"breast_cancer",0.0648865791119431,0.0802486388367163
1,68,"breast_cancer",0.0883359279607327,0.106325658097378
2,68,"breast_cancer",0.0647212061996763,0.0803528597069376
1,69,"breast_cancer",0.0892077255782446,0.107755829697104
2,69,"breast_cancer",0.0645973126404793,0.0805900146721186
1,70,"breast_cancer",0.0902003844978463,0.109573751495803
2,70,"breast_cancer",0.0645220835389791,0.0809325956984953
1,71,"breast_cancer",0.0910205150509594,0.111383162606211
2,71,"breast_cancer",0.0645027690027788,0.081353107127498
1,72,"breast_cancer",0.0913648853417897,0.112762323535765
2,72,"breast_cancer",0.0645467436225815,0.081823747004687
1,73,"breast_cancer",0.0913682574258102,0.113405643830451
2,73,"breast_cancer",0.0646351115108719,0.0823182211521735
1,74,"breast_cancer",0.0913702883445236,0.113581788513255
2,74,"breast_cancer",0.0647630879920024,0.0828564998055443
1,75,"breast_cancer",0.0913731367244642,0.113721880712871
2,75,"breast_cancer",0.0649595785769862,0.0834806659944296
1,76,"breast_cancer",0.0913789614956632,0.11426114539933
2,76,"breast_cancer",0.065254005875817,0.0842342410266864
1,77,"breast_cancer",0.0913899223398554,0.115645898978919
2,77,"breast_cancer",0.0656766827741325,0.0851627334744357
1,78,"breast_cancer",0.0922043062425163,0.11816260025268
2,78,"breast_cancer",0.0662296598463301,0.0862584747844133
1,79,"breast_cancer",0.0942786592660366,0.121574559916268
2,79,"breast_cancer",0.0668964863955559,0.0874987934500737
1,80,"breast_cancer",0.0971053784877473,0.125547107734449
2,80,"breast_cancer",0.0676811472978402,0.088910043338326
1,81,"breast_cancer",0.100138080937282,0.12970613932681
2,81,"breast_cancer",0.0685882764517423,0.0905208049955754
1,82,"breast_cancer",0.102763699775719,0.133626515429151
2,82,"breast_cancer",0.069623202111673,0.0923623940098097
1,83,"breast_cancer",0.105355770577603,0.13783612707265
2,83,"breast_cancer",0.0710869188086454,0.0948608229551444
1,84,"breast_cancer",0.108346808099948,0.142663476904972
2,84,"breast_cancer",0.0730052701579149,0.0980520371481121
1,85,"breast_cancer",0.11111499014058,0.147265780717435
2,85,"breast_cancer",0.0749433424316355,0.101335301307198
1,86,"breast_cancer",0.112976329060897,0.150691985485336
2,86,"breast_cancer",0.076420826131876,0.104029304972119
1,87,"breast_cancer",0.113219200082174,0.151927961446786
2,87,"breast_cancer",0.0769264553203557,0.105389611893908
1,88,"breast_cancer",0.111771459797368,0.150809580659967
2,88,"breast_cancer",0.0763319884973141,0.105198061693422
1,89,"breast_cancer",0.109122327892402,0.147987092657443
2,89,"breast_cancer",0.074974565990862,0.103915717324705
1,90,"breast_cancer",0.105445384955098,0.143712913921362
2,90,"breast_cancer",0.0730508990632502,0.101820994880372
1,91,"breast_cancer",0.100932768065801,0.138266882472596
2,91,"breast_cancer",0.0707569464363352,0.0991962037033179
1,92,"breast_cancer",0.0957826483892841,0.131936309612436
2,92,"breast_cancer",0.0682766498095596,0.0963104499221753
1,93,"breast_cancer",0.0897833341445691,0.124416380443465
2,93,"breast_cancer",0.0654985045588737,0.0930055646373557
1,94,"breast_cancer",0.0830843544083436,0.115862336833705
2,94,"breast_cancer",0.0623775288166255,0.089191253536959
1,95,"breast_cancer",0.0763222441285891,0.107125674807938
2,95,"breast_cancer",0.0591585963106942,0.0851939269643968
1,96,"breast_cancer",0.0699817992212488,0.0988704473738102
2,96,"breast_cancer",0.0560474404762936,0.0812948933457306
1,97,"breast_cancer",0.0644043046320776,0.0915790522788244
2,97,"breast_cancer",0.0532104891232224,0.0777286949895865
1,98,"breast_cancer",0.0594895257077634,0.0851299752952942
2,98,"breast_cancer",0.0506223451621615,0.0744668475835782
1,99,"breast_cancer",0.0549498001593513,0.0791350479552095
2,99,"breast_cancer",0.0481600878312284,0.071341882039558
1,100,"breast_cancer",0.0507565071603622,0.0735622886433455
2,100,"breast_cancer",0.0458175940383991,0.0683480541758371
1,0,"colon_cancer",0,0
2,0,"colon_cancer",0,0
1,1,"colon_cancer",0,0
2,1,"colon_cancer",0,0
1,2,"colon_cancer",0,0
2,2,"colon_cancer",0,0
1,3,"colon_cancer",0,0
2,3,"colon_cancer",0,0
1,4,"colon_cancer",0,0
2,4,"colon_cancer",0,0
1,5,"colon_cancer",0,0
2,5,"colon_cancer",0,0
1,6,"colon_cancer",0,0
2,6,"colon_cancer",0,0
1,7,"colon_cancer",0,0
2,7,"colon_cancer",0,0
1,8,"colon_cancer",0,0
2,8,"colon_cancer",0,0
1,9,"colon_cancer",0,0
2,9,"colon_cancer",0,0
1,10,"colon_cancer",0,0
2,10,"colon_cancer",0,0
1,11,"colon_cancer",0,0
2,11,"colon_cancer",0,0
1,12,"colon_cancer",0,0
2,12,"colon_cancer",0,0
1,13,"colon_cancer",0,0
2,13,"colon_cancer",0,0
1,14,"colon_cancer",0,0
2,14,"colon_cancer",0,0
1,15,"colon_cancer",0.11326915713054,0.121820798971425
2,15,"colon_cancer",0.109514500539576,0.126481160366043
1,16,"colon_cancer",0.112545639695638,0.121175032214218
2,16,"colon_cancer",0.10945304637225,0.125931483346163
1,17,"colon_cancer",0.111826743796658,0.120532688638505
2,17,"colon_cancer",0.109391626689989,0.125384195178704
1,18,"colon_cancer",0.111112934081019,0.119889040804299
2,18,"colon_cancer",0.109347196466203,0.124874040408772
1,19,"colon_cancer",0.110404171753708,0.11924414610492
2,19,"colon_cancer",0.109311185968126,0.124400584476887
1,20,"colon_cancer",0.109699686506445,0.118605049716689
2,20,"colon_cancer",0.10924535406906,0.123911676496848
1,21,"colon_cancer",0.108998727018784,0.117978646564529
2,21,"colon_cancer",0.109111568665812,0.123355996451978
1,22,"colon_cancer",0.108300560697736,0.117371686723622
2,22,"colon_cancer",0.108871977360582,0.122683225341094
1,23,"colon_cancer",0.107692887721058,0.116888278681306
2,23,"colon_cancer",0.108423199076988,0.121946962690931
1,24,"colon_cancer",0.107174708157527,0.116522341449679
2,24,"colon_cancer",0.107708857295791,0.121182125025071
1,25,"colon_cancer",0.106614400379039,0.116117079057402
2,25,"colon_cancer",0.106762869733403,0.120312823056385
1,26,"colon_cancer",0.105883186356098,0.115518010183289
2,26,"colon_cancer",0.105619766539534,0.119265560159857
1,27,"colon_cancer",0.104856416647484,0.114574515981741
2,27,"colon_cancer",0.104314056864232,0.117970106906718
1,28,"colon_cancer",0.103381050231301,0.113111646314607
2,28,"colon_cancer",0.102735265139151,0.116304314931743
1,29,"colon_cancer",0.101559039214257,0.111248855363123
2,29,"colon_cancer",0.100878275866472,0.114332740403604
1,30,"colon_cancer",0.0996429053379656,0.109271870154337
2,30,"colon_cancer",0.0989276144450367,0.112260405740292
1,31,"colon_cancer",0.0978684641917053,0.107448772674062
2,31,"colon_cancer",0.0970553742947022,0.110279322352301
1,32,"colon_cancer",0.0964553220724733,0.106030415267894
2,32,"colon_cancer",0.0954210505574913,0.10856837426466
1,33,"colon_cancer",0.0954427331114241,0.105062894772115
2,33,"colon_cancer",0.0939710267068853,0.106976652083355
1,34,"colon_cancer",0.0946703166680243,0.104364881848986
2,34,"colon_cancer",0.0925923981854253,0.10538146689188
1,35,"colon_cancer",0.094052372529861,0.103839972865632
2,35,"colon_cancer",0.0913449085131078,0.103986524005081
1,36,"colon_cancer",0.0935063955980846,0.103394857124423
2,36,"colon_cancer",0.090285306865536,0.102985357557365
1,37,"colon_cancer",0.0929520956796698,0.102938191596836
2,37,"colon_cancer",0.0894683857852223,0.102566967193529
1,38,"colon_cancer",0.0923889743003335,0.102449640398159
2,38,"colon_cancer",0.0889789226070213,0.102517681557623
1,39,"colon_cancer",0.091869301526333,0.101989303653313
2,39,"colon_cancer",0.0887712473507545,0.102490825501346
1,40,"colon_cancer",0.0913933966997248,0.101587313791942
2,40,"colon_cancer",0.088706878755851,0.102477691873181
1,41,"colon_cancer",0.0909616194386586,0.101273394352724
2,41,"colon_cancer",0.0886490792707692,0.102469586553645
1,42,"colon_cancer",0.0905743730027423,0.101077076742773
2,42,"colon_cancer",0.0884616983735836,0.102457820502275
1,43,"colon_cancer",0.0903081312661738,0.100986843607835
2,43,"colon_cancer",0.0881899295196883,0.10241120285582
1,44,"colon_cancer",0.0901611669336049,0.100939659521375
2,44,"colon_cancer",0.0879246451714438,0.102280429865123
1,45,"colon_cancer",0.0900176089094673,0.100887927590413
2,45,"colon_cancer",0.0875996379519301,0.102029945452484
1,46,"colon_cancer",0.0897624779395534,0.100784167120646
2,46,"colon_cancer",0.0871497624756264,0.101624893943701
1,47,"colon_cancer",0.0892823752596405,0.1005811466456
2,47,"colon_cancer",0.0865116241859238,0.101031594233394
1,48,"colon_cancer",0.0884227859123507,0.0999778402184076
2,48,"colon_cancer",0.0855146681633593,0.100049316324534
1,49,"colon_cancer",0.0872691582844673,0.0989244813975458
2,49,"colon_cancer",0.0842137915329589,0.0987126150895232
1,50,"colon_cancer",0.0860635974519309,0.0977461000763142
2,50,"colon_cancer",0.0828766120141314,0.0973329864513431
1,51,"colon_cancer",0.0850362890517149,0.0967550143808458
2,51,"colon_cancer",0.0817554330998786,0.0962063076040387
1,52,"colon_cancer",0.0844071388379964,0.0962517585983743
2,52,"colon_cancer",0.0810899121489422,0.0956159616846622
1,53,"colon_cancer",0.0842726897026711,0.0963460149306952
2,53,"colon_cancer",0.0810189611832291,0.095746479420617
1,54,"colon_cancer",0.0844795012554569,0.0968337809095621
2,54,"colon_cancer",0.0813747514530397,0.0964042022932961
1,55,"colon_cancer",0.084870850761181,0.0975427416423208
2,55,"colon_cancer",0.0819350551290897,0.0973030675584573
1,56,"colon_cancer",0.085289273971089,0.09829803755145
2,56,"colon_cancer",0.0824747109581059,0.0981502012220072
1,57,"colon_cancer",0.0855745936542454,0.0989198484948324
2,57,"colon_cancer",0.0827630976743073,0.0986430819904856
1,58,"colon_cancer",0.0857179733943477,0.0993939010641918
2,58,"colon_cancer",0.0827236123434826,0.0987969477108751
1,59,"colon_cancer",0.0858258839787217,0.099839517228974
2,59,"colon_cancer",0.0825093423420559,0.0988700764236979
1,60,"colon_cancer",0.0859094493936048,0.100273958668049
2,60,"colon_cancer",0.0822317888593956,0.0989203873328979
1,61,"colon_cancer",0.0859798659812614,0.10071480385841
2,61,"colon_cancer",0.0820014297650072,0.0990059945405724
1,62,"colon_cancer",0.0860483779482667,0.101179943967845
2,62,"colon_cancer",0.0819276093856405,0.0991852438927703
1,63,"colon_cancer",0.0860902500481508,0.101643324916895
2,63,"colon_cancer",0.0820325776344302,0.0995856621906591
1,64,"colon_cancer",0.0860979204287963,0.102092911689445
2,64,"colon_cancer",0.0822435006243023,0.100239552661314
1,65,"colon_cancer",0.0861084703839573,0.102568408429307
2,65,"colon_cancer",0.0825269699123631,0.101062554503284
1,66,"colon_cancer",0.0861590131793341,0.10311027462252
2,66,"colon_cancer",0.082849372723805,0.101968625036238
1,67,"colon_cancer",0.086286786489349,0.103759906589828
2,67,"colon_cancer",0.0831766627949197,0.102868945529666
1,68,"colon_cancer",0.0864664122000398,0.104495988560208
2,68,"colon_cancer",0.0835219128890651,0.103788371787121
1,69,"colon_cancer",0.0866733151592541,0.105292979820358
2,69,"colon_cancer",0.083908526311977,0.104788976949248
1,70,"colon_cancer",0.0869464715519651,0.106187718539779
2,70,"colon_cancer",0.0843173363356171,0.105834463653799
1,71,"colon_cancer",0.087325455645699,0.10721845982324
2,71,"colon_cancer",0.0847288260624539,0.106887115723484
1,72,"colon_cancer",0.0878508285627346,0.10842528304192
2,72,"colon_cancer",0.0851230995658812,0.107907704900805
1,73,"colon_cancer",0.0885417162372415,0.109828599149468
2,73,"colon_cancer",0.0854263701202945,0.108797628153035
1,74,"colon_cancer",0.0893753816446114,0.111410807043657
2,74,"colon_cancer",0.0856510107593719,0.109580058276482
1,75,"colon_cancer",0.0903304822442261,0.113156358208901
2,75,"colon_cancer",0.0859071902263915,0.110400800173141
1,76,"colon_cancer",0.0913851734988511,0.115049076910306
2,76,"colon_cancer",0.0863064965472099,0.111410205929147
1,77,"colon_cancer",0.092516818879585,0.117071887316108
2,77,"colon_cancer",0.0869630730835491,0.112764724135079
1,78,"colon_cancer",0.0936984005490603,0.119189084004992
2,78,"colon_cancer",0.0879198087038106,0.114508040955133
1,79,"colon_cancer",0.0949491689080824,0.121420741182248
2,79,"colon_cancer",0.0891097881022217,0.116553190812337
1,80,"colon_cancer",0.0963170489205816,0.12383636537371
2,80,"colon_cancer",0.0904849470671532,0.1188664921681
1,81,"colon_cancer",0.097852895889218,0.126511154470598
2,81,"colon_cancer",0.0919951518435911,0.121412515831786
1,82,"colon_cancer",0.0996112106961542,0.129527245633006
2,82,"colon_cancer",0.093587242578467,0.124153177549338
1,83,"colon_cancer",0.101605514456973,0.13292969644845
2,83,"colon_cancer",0.0951854275468084,0.127018699667278
1,84,"colon_cancer",0.103815896987843,0.136697490973904
2,84,"colon_cancer",0.0968298877055066,0.130050443287326
1,85,"colon_cancer",0.106250799643329,0.140819046480859
2,85,"colon_cancer",0.0986449934332102,0.133383697706299
1,86,"colon_cancer",0.108919731653988,0.14528114657206
2,86,"colon_cancer",0.100764796486703,0.137167998237542
1,87,"colon_cancer",0.11183330789952,0.150068243537254
2,87,"colon_cancer",0.103336152329297,0.141571023170654
1,88,"colon_cancer",0.115389769683528,0.155893208402785
2,88,"colon_cancer",0.106735277454292,0.147098805147677
1,89,"colon_cancer",0.119648008192882,0.162892589633276
2,89,"colon_cancer",0.110946834906338,0.153773746894419
1,90,"colon_cancer",0.12405770984751,0.170067150829221
2,90,"colon_cancer",0.11549660851174,0.160983365499609
1,91,"colon_cancer",0.12798534821433,0.176235647837944
2,91,"colon_cancer",0.119830416838053,0.167993717043969
1,92,"colon_cancer",0.130723312996959,0.180065510686586
2,92,"colon_cancer",0.123311782556036,0.173942530745181
1,93,"colon_cancer",0.131838168959116,0.181798589071168
2,93,"colon_cancer",0.125608388643494,0.178359478398104
1,94,"colon_cancer",0.131724293828068,0.182770266780119
2,94,"colon_cancer",0.127060876436216,0.181679509590162
1,95,"colon_cancer",0.130908742846183,0.183249622472017
2,95,"colon_cancer",0.128020299759045,0.184361238227363
1,96,"colon_cancer",0.129924465748494,0.183514580890026
2,96,"colon_cancer",0.12885885871361,0.186905362434996
1,97,"colon_cancer",0.129292757700606,0.183846534550423
2,97,"colon_cancer",0.129960934621199,0.189844032899975
1,98,"colon_cancer",0.129008530764499,0.184306856342656
2,98,"colon_cancer",0.131333184807791,0.193194689507547
1,99,"colon_cancer",0.128724928650327,0.184768330705716
2,99,"colon_cancer",0.13271992450679,0.196604483605671
1,100,"colon_cancer",0.128441949984533,0.185230960525452
2,100,"colon_cancer",0.13412130671214,0.200074458942841
1,0,"coronary_heart_disease",0,0
2,0,"coronary_heart_disease",0,0
1,1,"coronary_heart_disease",0,0
2,1,"coronary_heart_disease",0,0
1,2,"coronary_heart_disease",0,0
2,2,"coronary_heart_disease",0,0
1,3,"coronary_heart_disease",0,0
2,3,"coronary_heart_disease",0,0
1,4,"coronary_heart_disease",0,0
2,4,"coronary_heart_disease",0,0
1,5,"coronary_heart_disease",0,0
2,5,"coronary_heart_disease",0,0
1,6,"coronary_heart_disease",0,0
2,6,"coronary_heart_disease",0,0
1,7,"coronary_heart_disease",0,0
2,7,"coronary_heart_disease",0,0
1,8,"coronary_heart_disease",0,0
2,8,"coronary_heart_disease",0,0
1,9,"coronary_heart_disease",0,0
2,9,"coronary_heart_disease",0,0
1,10,"coronary_heart_disease",0,0
2,10,"coronary_heart_disease",0,0
1,11,"coronary_heart_disease",0,0
2,11,"coronary_heart_disease",0,0
1,12,"coronary_heart_disease",0,0
2,12,"coronary_heart_disease",0,0
1,13,"coronary_heart_disease",0,0
2,13,"coronary_heart_disease",0,0
1,14,"coronary_heart_disease",0,0
2,14,"coronary_heart_disease",0,0
1,15,"coronary_heart_disease",0.0416447945159965,0.0447889104983165
2,15,"coronary_heart_disease",0.0421125830456221,0.04859890155042
1,16,"coronary_heart_disease",0.04216768195307,0.0454008723294875
2,16,"coronary_heart_disease",0.0423927911516703,0.0487560659783153
1,17,"coronary_heart_disease",0.0426971347070104,0.0460211955447297
2,17,"coronary_heart_disease",0.0426748637024287,0.0489137386616774
1,18,"coronary_heart_disease",0.0432802928924449,0.0467399760875192
2,18,"coronary_heart_disease",0.0429876813703629,0.0490887093479545
1,19,"coronary_heart_disease",0.0439191681780529,0.0475615462305222
2,19,"coronary_heart_disease",0.0433318914920992,0.0492811598476552
1,20,"coronary_heart_disease",0.0445432389299468,0.048350948647684
2,20,"coronary_heart_disease",0.0436641890910102,0.0494659041210321
1,21,"coronary_heart_disease",0.0450779927730953,0.0489643793045847
2,21,"coronary_heart_disease",0.0439399599326479,0.0496173857252464
1,22,"coronary_heart_disease",0.0454457998983794,0.0492522859919827
2,22,"coronary_heart_disease",0.0441136302240342,0.0497097836247103
1,23,"coronary_heart_disease",0.0456052935655546,0.0493161463297891
2,23,"coronary_heart_disease",0.0441697739549319,0.0497412120328257
1,24,"coronary_heart_disease",0.045603852917192,0.049358724227116
2,24,"coronary_heart_disease",0.044137582121072,0.0497285621400558
1,25,"coronary_heart_disease",0.0454971005396343,0.0493821555184849
2,25,"coronary_heart_disease",0.0440384835983541,0.0496741960137357
1,26,"coronary_heart_disease",0.0453411922141038,0.0493886042682673
2,26,"coronary_heart_disease",0.0438940952486365,0.0495805745105918
1,27,"coronary_heart_disease",0.0451918694820283,0.0493802548071116
2,27,"coronary_heart_disease",0.0437259493181703,0.0494502377793249
1,28,"coronary_heart_disease",0.0450404396776292,0.0493144801949348
2,28,"coronary_heart_disease",0.0435147399161617,0.0492620718750011
1,29,"coronary_heart_disease",0.0448503454709589,0.0491684363079086
2,29,"coronary_heart_disease",0.0432471894580748,0.0490152081112135
1,30,"coronary_heart_disease",0.0446349080412334,0.0489740171883117
2,30,"coronary_heart_disease",0.0429533298930318,0.0487422876690045
1,31,"coronary_heart_disease",0.0444072622743033,0.0487628464854097
2,31,"coronary_heart_disease",0.0426625036408,0.0484753371521108
1,32,"coronary_heart_disease",0.044180302116175,0.0485660685111737
2,32,"coronary_heart_disease",0.0424032839040201,0.0482457022852475
1,33,"coronary_heart_disease",0.0439457764656927,0.0483752962428664
2,33,"coronary_heart_disease",0.0421721766062712,0.0480485869501009
1,34,"coronary_heart_disease",0.043695445039589,0.0481700085031598
2,34,"coronary_heart_disease",0.0419498597242552,0.0478628042029083
1,35,"coronary_heart_disease",0.0434418264871188,0.0479626187231342
2,35,"coronary_heart_disease",0.0417405725560359,0.0476945985481149
1,36,"coronary_heart_disease",0.0431971597300918,0.0477653333753912
2,36,"coronary_heart_disease",0.0415484766230964,0.0475501400823264
1,37,"coronary_heart_disease",0.0429734118117684,0.0475901620754645
2,37,"coronary_heart_disease",0.041377671095009,0.0474355516364688
1,38,"coronary_heart_disease",0.0427636189601603,0.0474283415876897
2,38,"coronary_heart_disease",0.041225296218466,0.0473511733496932
1,39,"coronary_heart_disease",0.0425595956027208,0.0472717075615371
2,39,"coronary_heart_disease",0.0410882883056528,0.0472926335453268
1,40,"coronary_heart_disease",0.0423711538722561,0.0471329179780463
2,40,"coronary_heart_disease",0.0409703792436121,0.0472590069407993
1,41,"coronary_heart_disease",0.0422079420580401,0.047024495071767
2,41,"coronary_heart_disease",0.0408752795803247,0.0472494108858425
1,42,"coronary_heart_disease",0.0420794915699109,0.0469588897797832
2,42,"coronary_heart_disease",0.0408066979346402,0.0472630009274888
1,43,"coronary_heart_disease",0.0420002203604171,0.0469516976914407
2,43,"coronary_heart_disease",0.0407766350527167,0.0473113538006422
1,44,"coronary_heart_disease",0.0419633237033627,0.0469944444361885
2,44,"coronary_heart_disease",0.0407824298532355,0.0473951309572786
1,45,"coronary_heart_disease",0.0419466106373014,0.0470635387003698
2,45,"coronary_heart_disease",0.0408058773746717,0.0474971119237939
1,46,"coronary_heart_disease",0.041927987423864,0.0471353326074783
2,46,"coronary_heart_disease",0.0408287775909453,0.047599967352968
1,47,"coronary_heart_disease",0.0418854093879958,0.0471860486654121
2,47,"coronary_heart_disease",0.0408328972502563,0.0476862241945169
1,48,"coronary_heart_disease",0.041816131607437,0.0472145077757604
2,48,"coronary_heart_disease",0.0408184342110542,0.0477562098288508
1,49,"coronary_heart_disease",0.0417349256472098,0.0472365396129113
2,49,"coronary_heart_disease",0.0407975480533794,0.0478215335550284
1,50,"coronary_heart_disease",0.0416460708042766,0.0472538028090272
2,50,"coronary_heart_disease",0.0407699436877063,0.0478815467975562
1,51,"coronary_heart_disease",0.0415538166361196,0.0472679602724241
2,51,"coronary_heart_disease",0.0407353300707249,0.0479355994646676
1,52,"coronary_heart_disease",0.0414623773482123,0.0472806778001854
2,52,"coronary_heart_disease",0.0406934207068296,0.0479830407014791
1,53,"coronary_heart_disease",0.0413630377039914,0.0472897318079497
2,53,"coronary_heart_disease",0.040636824550837,0.048012198839086
1,54,"coronary_heart_disease",0.0412530755207359,0.0472968204908635
2,54,"coronary_heart_disease",0.0405658052995322,0.0480234611931517
1,55,"coronary_heart_disease",0.0411455708588649,0.0473094981255855
2,55,"coronary_heart_disease",0.0404915170269123,0.0480342957969731
1,56,"coronary_heart_disease",0.0410534709424742,0.0473353284916846
2,56,"coronary_heart_disease",0.0404250381222747,0.0480621931433442
1,57,"coronary_heart_disease",0.040989618242756,0.0473818998523902
2,57,"coronary_heart_disease",0.040377377467679,0.0481246964894778
1,58,"coronary_heart_disease",0.0409488656917605,0.0474607177080587
2,58,"coronary_heart_disease",0.0403377562109608,0.0482085010613754
1,59,"coronary_heart_disease",0.0409225265537642,0.0475802569255466
2,59,"coronary_heart_disease",0.0402987988244373,0.0483019955697928
1,60,"coronary_heart_disease",0.0409180899173393,0.0477436936793768
2,60,"coronary_heart_disease",0.0402765425051551,0.0484254791030489
1,61,"coronary_heart_disease",0.0409430701105332,0.0479543599052198
2,61,"coronary_heart_disease",0.0402870028223953,0.0485994966834683
1,62,"coronary_heart_disease",0.0410050538615069,0.0482157729295036
2,62,"coronary_heart_disease",0.0403462720860471,0.0488450092347018
1,63,"coronary_heart_disease",0.0411265086868476,0.0485564286642998
2,63,"coronary_heart_disease",0.0404807266526929,0.0491967396100478
1,64,"coronary_heart_disease",0.0413029033258589,0.0489760221938445
2,64,"coronary_heart_disease",0.0406803142304706,0.0496431226718932
1,65,"coronary_heart_disease",0.0415011643940947,0.0494342584519812
2,65,"coronary_heart_disease",0.0409063073290069,0.0501352081419359
1,66,"coronary_heart_disease",0.0416876705022071,0.04988946594489
2,66,"coronary_heart_disease",0.0411192419800752,0.0506222949415932
1,67,"coronary_heart_disease",0.0418282118902404,0.0502984470175698
2,67,"coronary_heart_disease",0.0412788542712029,0.0510517261557019
1,68,"coronary_heart_disease",0.0419231006534805,0.0506647117051599
2,68,"coronary_heart_disease",0.0413880948492749,0.0514308500271379
1,69,"coronary_heart_disease",0.0419947947016345,0.0510163602598412
2,69,"coronary_heart_disease",0.0414733635843036,0.0517939181113117
1,70,"coronary_heart_disease",0.0420419984410643,0.0513458892307246
2,70,"coronary_heart_disease",0.0415291241755914,0.0521270331126333
1,71,"coronary_heart_disease",0.0420634525031363,0.0516456348138899
2,71,"coronary_heart_disease",0.0415498674416007,0.0524159922415564
1,72,"coronary_heart_disease",0.0420579410181606,0.0519078104744115
2,72,"coronary_heart_disease",0.0415301536315418,0.0526463860622122
1,73,"coronary_heart_disease",0.0420124401537562,0.0521129208358078
2,73,"coronary_heart_disease",0.0414497006253723,0.0527896609600009
1,74,"coronary_heart_disease",0.0419278614997945,0.0522651405940979
2,74,"coronary_heart_disease",0.0413124336186858,0.0528542377181876
1,75,"coronary_heart_disease",0.0418238976355942,0.0523925016778954
2,75,"coronary_heart_disease",0.0411491879625906,0.0528815255809562
1,76,"coronary_heart_disease",0.0417201017544708,0.0525233909581211
2,76,"coronary_heart_disease",0.0409904284753667,0.0529131903189531
1,77,"coronary_heart_disease",0.0416358427604778,0.0526864925858519
2,77,"coronary_heart_disease",0.0408661697260963,0.0529910247214151
1,78,"coronary_heart_disease",0.041562423921558,0.0528694962476321
2,78,"coronary_heart_disease",0.0407709959002083,0.053100739607504
1,79,"coronary_heart_disease",0.0414869170633074,0.053053357676777
2,79,"coronary_heart_disease",0.0406847409769124,0.0532145399424909
1,80,"coronary_heart_disease",0.0414221562326165,0.0532571266590486
2,80,"coronary_heart_disease",0.0406149766733831,0.0533542866867274
1,81,"coronary_heart_disease",0.0413809009189791,0.0535001596091783
2,81,"coronary_heart_disease",0.0405692375557069,0.0535420954072688
1,82,"coronary_heart_disease",0.0413758889092207,0.0538022265623913
2,82,"coronary_heart_disease",0.0405550588424167,0.0538004890652149
1,83,"coronary_heart_disease",0.0414218881765174,0.0541919309306568
2,83,"coronary_heart_disease",0.0405899228546419,0.054164585414678
1,84,"coronary_heart_disease",0.0415105003622746,0.0546581151175603
2,84,"coronary_heart_disease",0.0406688636328141,0.0546216036057482
1,85,"coronary_heart_disease",0.0416197111803243,0.0551605076187304
2,85,"coronary_heart_disease",0.0407657371095013,0.055121750898283
1,86,"coronary_heart_disease",0.0417273369508968,0.05565745768529
2,86,"coronary_heart_disease",0.0408542122012774,0.0556135744090003
1,87,"coronary_heart_disease",0.0418109739423377,0.0561058197951725
2,87,"coronary_heart_disease",0.0409077401711569,0.0560437997843668
1,88,"coronary_heart_disease",0.0418806068478497,0.0565081351532805
2,88,"coronary_heart_disease",0.0409277459610569,0.0564051799166147
1,89,"coronary_heart_disease",0.0419511351952785,0.0568923578806909
2,89,"coronary_heart_disease",0.0409318432980544,0.0567320637542357
1,90,"coronary_heart_disease",0.0420073176805483,0.0572523305070457
2,90,"coronary_heart_disease",0.0409176838616044,0.0570325530885225
1,91,"coronary_heart_disease",0.042033841326025,0.0575817775522446
2,91,"coronary_heart_disease",0.0408829450426053,0.0573149796407164
1,92,"coronary_heart_disease",0.0420154015258142,0.0578743344167212
2,92,"coronary_heart_disease",0.0408253410086368,0.0575878718673969
1,93,"coronary_heart_disease",0.0419381637598133,0.0581154017853647
2,93,"coronary_heart_disease",0.0407364543895545,0.0578443273986339
1,94,"coronary_heart_disease",0.0418125656671413,0.0583082290487321
2,94,"coronary_heart_disease",0.0406180407579282,0.058078190017193
1,95,"coronary_heart_disease",0.041659736276233,0.0584734819038227
2,95,"coronary_heart_disease",0.0404830472642812,0.0582993848234011
1,96,"coronary_heart_disease",0.0415005917057463,0.0586321316954525
2,96,"coronary_heart_disease",0.0403442865654854,0.0585180062743094
1,97,"coronary_heart_disease",0.0413557512758594,0.0588053939834893
2,97,"coronary_heart_disease",0.0402144047329054,0.0587443049514762
1,98,"coronary_heart_disease",0.041225069263183,0.05899339566366
2,98,"coronary_heart_disease",0.0400933189780268,0.0589783634853836
1,99,"coronary_heart_disease",0.0410948001988368,0.0591819983878736
2,99,"coronary_heart_disease",0.039972597812905,0.0592133545930501
1,100,"coronary_heart_disease",0.0409649427779258,0.0593712040776765
2,100,"coronary_heart_disease",0.0398522401397583,0.0594492819901864
1,0,"depression",0.102013918660049,0.103891529535783
2,0,"depression",0.100577974867067,0.102059916847535
1,1,"depression",0.112841271409947,0.115301031690349
2,1,"depression",0.11181454391467,0.113817240667961
1,2,"depression",0.124817796440556,0.127963540129418
2,2,"depression",0.124306462198808,0.126929010657737
1,3,"depression",0.139186607122191,0.144177687780087
2,3,"depression",0.139411463058261,0.143884814118012
1,4,"depression",0.156469891875132,0.164918214073299
2,4,"depression",0.157729393028625,0.165794549063095
1,5,"depression",0.175189437458302,0.187223263619571
2,5,"depression",0.177673269778759,0.189485038497001
1,6,"depression",0.193001311441764,0.206221283793595
2,6,"depression",0.196658544403607,0.20959318407056
1,7,"depression",0.206689879974274,0.215452487170096
2,7,"depression",0.211091504618115,0.218939996607948
1,8,"depression",0.213461150704694,0.217163391411435
2,8,"depression",0.217912439470628,0.220146825224493
1,9,"depression",0.21432437031249,0.218186655750751
2,9,"depression",0.218250873328259,0.220862110752465
1,10,"depression",0.2117269980601,0.218707200591652
2,10,"depression",0.214740260228714,0.221224046405708
1,11,"depression",0.208272434346002,0.21891633169473
2,11,"depression",0.210172211330048,0.221374002372992
1,12,"depression",0.206460565470341,0.219008154660057
2,12,"depression",0.20718688581426,0.221454711459933
1,13,"depression",0.206257117341704,0.219268691168075
2,13,"depression",0.205404190427002,0.22204166079443
1,14,"depression",0.206006705133773,0.219744378623028
2,14,"depression",0.203096540602326,0.22331258841989
1,15,"depression",0.20569760285885,0.220270192586665
2,15,"depression",0.200742610092834,0.224811286210839
1,16,"depression",0.205318200068283,0.220679755026783
2,16,"depression",0.198800762197584,0.226071675060079
1,17,"depression",0.204857038671744,0.220805585670334
2,17,"depression",0.197713163696049,0.226617947427717
1,18,"depression",0.204291823291629,0.220575796028986
2,18,"depression",0.197322319804512,0.226253438067255
1,19,"depression",0.203631273083099,0.220102290226475
2,19,"depression",0.197120603243858,0.225294624058814
1,20,"depression",0.202910361623165,0.219493174176076
2,20,"depression",0.197021097021582,0.224033148905192
1,21,"depression",0.202163658529726,0.218855805973693
2,21,"depression",0.196937345191643,0.222756613861299
1,22,"depression",0.201425256572372,0.218296396254315
2,22,"depression",0.196783094009267,0.221746543517794
1,23,"depression",0.200669322554271,0.217803535534
2,23,"depression",0.196398158507068,0.221017556279616
1,24,"depression",0.199873718838196,0.217306434639876
2,24,"depression",0.195756038399532,0.22038040530361
1,25,"depression",0.199077270976,0.21682128427556
2,25,"depression",0.194970878609986,0.219807177806564
1,26,"depression",0.198318198723686,0.216364131908984
2,26,"depression",0.194155568740944,0.219270318879671
1,27,"depression",0.197634150960122,0.215950896585037
2,27,"depression",0.193421243644216,0.218742569090538
1,28,"depression",0.197048468800367,0.215595379036241
2,28,"depression",0.192759624390083,0.218218895243258
1,29,"depression",0.196535059124148,0.215286601128222
2,29,"depression",0.192096633608895,0.217717187909548
1,30,"depression",0.196057393968324,0.21500334643837
2,30,"depression",0.191443301615974,0.217244728241281
1,31,"depression",0.195579335212015,0.214724525438308
2,31,"depression",0.190810509476216,0.216808742799141
1,32,"depression",0.19506510198757,0.214429160813707
2,32,"depression",0.190208997618704,0.216416414630975
1,33,"depression",0.194506460474475,0.21411176234307
2,33,"depression",0.189649465052375,0.216075847748729
1,34,"depression",0.193927517111241,0.21378636010645
2,34,"depression",0.18912430685354,0.215781881714086
1,35,"depression",0.193341173839885,0.213461305709953
2,35,"depression",0.188616861854733,0.215521852113786
1,36,"depression",0.192760181040821,0.213144900415794
2,36,"depression",0.188110654684701,0.21528317541884
1,37,"depression",0.192197136842434,0.212845396889497
2,37,"depression",0.187589387497213,0.215053332911018
1,38,"depression",0.191645283914172,0.212550252064005
2,38,"depression",0.187034914227565,0.214827386542039
1,39,"depression",0.191096159187241,0.212253937691427
2,39,"depression",0.186458335307846,0.214613606134877
1,40,"depression",0.190559606839296,0.211975117462315
2,40,"depression",0.185887112261445,0.21441930708851
1,41,"depression",0.190045361668561,0.211732359775003
2,41,"depression",0.185348374527965,0.214251782373381
1,42,"depression",0.189563058049024,0.211544161232403
2,42,"depression",0.184868947049746,0.214118310427145
1,43,"depression",0.189133931736567,0.211431252262142
2,43,"depression",0.184464549072356,0.214026182728306
1,44,"depression",0.188751116520222,0.211381107947541
2,44,"depression",0.184116699447931,0.213970455246533
1,45,"depression",0.188382250165895,0.211362376755685
2,45,"depression",0.183800908134293,0.213940071063592
1,46,"depression",0.187995235055392,0.211343746204079
2,46,"depression",0.183492879613277,0.21392399171488
1,47,"depression",0.187558241691199,0.211293919514046
2,47,"depression",0.18316848661312,0.213911186964545
1,48,"depression",0.187055668927658,0.211199144444587
2,48,"depression",0.182835388145566,0.21391132044096
1,49,"depression",0.186509223873699,0.211080322328176
2,49,"depression",0.182509634322871,0.213931743899599
1,50,"depression",0.185943084704233,0.210958130002461
2,50,"depression",0.182179872628937,0.213957962848146
1,51,"depression",0.185381154244754,0.210853199332587
2,51,"depression",0.181834832936039,0.213975477925754
1,52,"depression",0.184847049991454,0.210786123997724
2,52,"depression",0.181463333470345,0.213969785889056
1,53,"depression",0.184348386311506,0.210759054240261
2,53,"depression",0.181072379704402,0.213936083705516
1,54,"depression",0.18386920259295,0.210758229100595
2,54,"depression",0.180669581405085,0.213884047594394
1,55,"depression",0.183397645862325,0.210780368379916
2,55,"depression",0.180244807044159,0.213820894180701
1,56,"depression",0.18292198621981,0.210822198773972
2,56,"depression",0.179788027458408,0.213753834305121
1,57,"depression",0.182430615702023,0.210880450557277
2,57,"depression",0.179289330982745,0.213690070491894
1,58,"depression",0.181950112054065,0.210979456466161
2,58,"depression",0.178747309680126,0.213620424845804
1,59,"depression",0.181488119900805,0.211121463988449
2,59,"depression",0.17816909603976,0.213540107139668
1,60,"depression",0.181005036813812,0.211270025687395
2,60,"depression",0.177557679758925,0.213462880977828
1,61,"depression",0.180461688348987,0.211388600558959
2,61,"depression",0.176916033892217,0.213402490685748
1,62,"depression",0.179819416172364,0.211440574319586
2,62,"depression",0.176247109840791,0.213372667725108
1,63,"depression",0.17906932499065,0.211420010657347
2,63,"depression",0.175559780528404,0.213365624119434
1,64,"depression",0.17823868946826,0.211351292724596
2,64,"depression",0.174852556295555,0.213361592554979
1,65,"depression",0.177343461849163,0.211243290539291
2,65,"depression",0.174112986003748,0.21335633448911
1,66,"depression",0.176399377709782,0.211104881633673
2,66,"depression",0.17332884851022,0.213345611853618
1,67,"depression",0.175421907087272,0.210944936458279
2,67,"depression",0.172488180113309,0.213325187719252
1,68,"depression",0.174370232102956,0.210729106429409
2,68,"depression",0.171556718108771,0.213221567281794
1,69,"depression",0.173236115309083,0.210451703155477
2,69,"depression",0.170544281092525,0.213009336401577
1,70,"depression",0.172082561523094,0.210164418204104
2,70,"depression",0.16950440210025,0.212756313990023
1,71,"depression",0.170970973354536,0.209918680664296
2,71,"depression",0.168489383081506,0.212530068673027
1,72,"depression",0.169961190439644,0.209765695794212
2,72,"depression",0.167550290326767,0.212397896420959
1,73,"depression",0.169094003011345,0.209746978763674
2,73,"depression",0.16672358891829,0.212353503386666
1,74,"depression",0.168327290644591,0.209828243002717
2,74,"depression",0.165973685792242,0.212330688784702
1,75,"depression",0.16759649933272,0.209946953031609
2,75,"depression",0.165243561284994,0.212306790672681
1,76,"depression",0.166838251869371,0.210040492740778
2,76,"depression",0.164477225206637,0.212259159510979
1,77,"depression",0.165990331199632,0.210046147123362
2,77,"depression",0.163619744096032,0.212165171397693
1,78,"depression",0.165029753988963,0.209926157717224
2,78,"depression",0.162656365096634,0.211913437144816
1,79,"depression",0.163999761318696,0.209722452571491
2,79,"depression",0.161625531902561,0.211477505525871
1,80,"depression",0.162937835422182,0.209491772709733
2,80,"depression",0.160552609965784,0.210961943004016
1,81,"depression",0.161880557671427,0.209290650534677
2,81,"depression",0.159462371696235,0.210470524117029
1,82,"depression",0.160863577829467,0.209175413222098
2,82,"depression",0.158378951176028,0.210106094630889
1,83,"depression",0.159882363542149,0.209172840339476
2,83,"depression",0.157282022480583,0.209882526048423
1,84,"depression",0.158912853712185,0.209245298805275
2,84,"depression",0.156156399839404,0.20973079182981
1,85,"depression",0.1579606245368,0.20935244349655
2,85,"depression",0.155032801169535,0.209628969155531
1,86,"depression",0.157031118514897,0.209453884974771
2,86,"depression",0.15394107918442,0.209555225778086
1,87,"depression",0.156129651530868,0.209509161531486
2,87,"depression",0.152910253840357,0.209487779460571
1,88,"depression",0.155267891064556,0.20949789493538
2,88,"depression",0.151964886895009,0.209432662000906
1,89,"depression",0.154441509246237,0.209447052499781
2,89,"depression",0.151083987024385,0.20940435840374
1,90,"depression",0.153632047638529,0.209387155703783
2,90,"depression",0.150228403667918,0.209393802361192
1,91,"depression",0.152821437371333,0.209348699389082
2,91,"depression",0.149359889135572,0.209391935831037
1,92,"depression",0.151991989849519,0.209362160773578
2,92,"depression",0.1484410825491,0.209389703318994
1,93,"depression",0.151139572601435,0.209440190030861
2,93,"depression",0.147460970345525,0.209389373105922
1,94,"depression",0.150276323138731,0.209562511421307
2,94,"depression",0.146445595973478,0.209396982016386
1,95,"depression",0.149409134279503,0.209710216397661
2,95,"depression",0.14541353494465,0.20940912814508
1,96,"depression",0.148544745039237,0.209864358454484
2,96,"depression",0.144382870021617,0.209422409294899
1,97,"depression",0.14768974035821,0.210005938742394
2,97,"depression",0.143371181676557,0.209433422516128
1,98,"depression",0.146844015608068,0.210134931691769
2,98,"depression",0.142378172787701,0.209442167450888
1,99,"depression",0.146003133783042,0.2102640038731
2,99,"depression",0.141392041617517,0.209450912750794
1,100,"depression",0.145167067150795,0.210393155335051
2,100,"depression",0.140412740529963,0.209459658415862
1,0,"diabetes",0,0
2,0,"diabetes",0,0
1,1,"diabetes",0,0
2,1,"diabetes",0,0
1,2,"diabetes",0,0
2,2,"diabetes",0,0
1,3,"diabetes",0,0
2,3,"diabetes",0,0
1,4,"diabetes",0,0
2,4,"diabetes",0,0
1,5,"diabetes",0,0
2,5,"diabetes",0,0
1,6,"diabetes",0,0
2,6,"diabetes",0,0
1,7,"diabetes",0,0
2,7,"diabetes",0,0
1,8,"diabetes",0,0
2,8,"diabetes",0,0
1,9,"diabetes",0,0
2,9,"diabetes",0,0
1,10,"diabetes",0,0
2,10,"diabetes",0,0
1,11,"diabetes",0,0
2,11,"diabetes",0,0
1,12,"diabetes",0,0
2,12,"diabetes",0,0
1,13,"diabetes",0,0
2,13,"diabetes",0,0
1,14,"diabetes",0,0
2,14,"diabetes",0,0
1,15,"diabetes",0.0499066892242762,0.0536745651626352
2,15,"diabetes",0.048820709549928,0.0563402357549106
1,16,"diabetes",0.0501621600452894,0.0540083238751922
2,16,"diabetes",0.0493106670739341,0.0567123341487447
1,17,"diabetes",0.0504189386136487,0.0543441579632621
2,17,"diabetes",0.0498055417402256,0.0570868900618426
1,18,"diabetes",0.0506704179790736,0.0546725532802017
2,18,"diabetes",0.0503065554597967,0.0574463148637102
1,19,"diabetes",0.0509165059075132,0.0549933500985089
2,19,"diabetes",0.0508137934614565,0.0577902923646055
1,20,"diabetes",0.0511671279076196,0.055320848605952
2,20,"diabetes",0.0513255477460564,0.0581452370150301
1,21,"diabetes",0.051432407098066,0.0556696939950503
2,21,"diabetes",0.0518400392973527,0.0585382241989149
1,22,"diabetes",0.0517226831698666,0.0560549135332927
2,22,"diabetes",0.0523554168146282,0.0589971042559706
1,23,"diabetes",0.0520178442646766,0.0564594041953746
2,23,"diabetes",0.0528623867597335,0.0595302840141328
1,24,"diabetes",0.0523111274178913,0.0568736332983156
2,24,"diabetes",0.0533618507671874,0.0601212840455432
1,25,"diabetes",0.0526336093933368,0.0573249107181968
2,25,"diabetes",0.0538675910818838,0.060761158413031
1,26,"diabetes",0.0530171631846248,0.0578414515790389
2,26,"diabetes",0.0543939208201763,0.061440652298939
1,27,"diabetes",0.0534947294658019,0.0584526243799073
2,27,"diabetes",0.0549557196033193,0.0621501292503387
1,28,"diabetes",0.0540804118104448,0.0591706545790074
2,28,"diabetes",0.0555496444026717,0.0628865203024875
1,29,"diabetes",0.05475606010184,0.0599803725759246
2,29,"diabetes",0.0561668145669007,0.0636579657415529
1,30,"diabetes",0.0555069849341994,0.060870887192784
2,30,"diabetes",0.0568145070780222,0.0644715800769361
1,31,"diabetes",0.0563178888151829,0.0618308265360369
2,31,"diabetes",0.0575003438260606,0.0653348565006605
1,32,"diabetes",0.0571726620741401,0.0628481764555952
2,32,"diabetes",0.0582323344801503,0.0662557145117228
1,33,"diabetes",0.0580963735513464,0.0639522044485125
2,33,"diabetes",0.0590364115847952,0.0672627401174298
1,34,"diabetes",0.0591046300737493,0.0651571469440147
2,34,"diabetes",0.0599106208460702,0.068355182450638
1,35,"diabetes",0.0601648710541848,0.0664259540688062
2,35,"diabetes",0.0608200341511914,0.0694956234399865
1,36,"diabetes",0.0612421772104651,0.067718642368398
2,36,"diabetes",0.0617275904170926,0.0706441200697498
1,37,"diabetes",0.0622990660122221,0.0689920237578108
2,37,"diabetes",0.0625939945703507,0.071758042030859
1,38,"diabetes",0.0633346082208985,0.0702432466209593
2,38,"diabetes",0.0634064822638016,0.0728283750165673
1,39,"diabetes",0.0643731144606042,0.0715003749098712
2,39,"diabetes",0.0641891655785374,0.073881750992008
1,40,"diabetes",0.0654129597594754,0.0727642130384221
2,40,"diabetes",0.0649570698191199,0.0749274639412669
1,41,"diabetes",0.0664524336258114,0.0740356431793536
2,41,"diabetes",0.0657260137026676,0.0759753929321303
1,42,"diabetes",0.0674897403326814,0.0753156266701367
2,42,"diabetes",0.0665125928031652,0.0770359988544219
1,43,"diabetes",0.0685498602019406,0.0766313196781542
2,43,"diabetes",0.0673353429712485,0.0781262659481777
1,44,"diabetes",0.0696342168223689,0.077982891833091
2,44,"diabetes",0.0681839030774104,0.0792396389121939
1,45,"diabetes",0.0707038176627396,0.0793287421385878
2,45,"diabetes",0.0690311134505965,0.0803506438957797
1,46,"diabetes",0.0717172818160246,0.0806243786025025
2,46,"diabetes",0.0698484532890202,0.0814323693332914
1,47,"diabetes",0.0726310472737693,0.0818225769153432
2,47,"diabetes",0.0706061058480464,0.0824565196130087
1,48,"diabetes",0.0734319238176921,0.0829098608672185
2,48,"diabetes",0.0712955296711257,0.0834133974181515
1,49,"diabetes",0.0741436212042163,0.0839114502613675
2,49,"diabetes",0.0719339337994838,0.0843185728817901
1,50,"diabetes",0.0747771810502784,0.0848370043248136
2,50,"diabetes",0.0725295957217041,0.0851811142629515
1,51,"diabetes",0.0753443889792108,0.0856969821595286
2,51,"diabetes",0.0730912015609706,0.0860106093736047
1,52,"diabetes",0.0758576515428326,0.0865025454559482
2,52,"diabetes",0.0736277974715556,0.0868171203470488
1,53,"diabetes",0.0762899203780543,0.0872195943162425
2,53,"diabetes",0.0741282505649795,0.0875821461213579
1,54,"diabetes",0.0766303493746913,0.0878367693002062
2,54,"diabetes",0.0745850784346286,0.0882968695763785
1,55,"diabetes",0.0769168283859689,0.0884011206664012
2,55,"diabetes",0.0750134002717048,0.0889869316329385
1,56,"diabetes",0.077188018435961,0.0889611363946194
2,56,"diabetes",0.0754287477332282,0.0896788527731145
1,57,"diabetes",0.0774831770528934,0.0895665852173199
2,57,"diabetes",0.075847021514957,0.0903999991817204
1,58,"diabetes",0.0778048790905619,0.0902183071811711
2,58,"diabetes",0.0762661249802616,0.0911472504278482
1,59,"diabetes",0.0781269314247654,0.0908834812346772
2,59,"diabetes",0.0766751648960227,0.0919025773263241
1,60,"diabetes",0.0784458374874078,0.0915623918138902
2,60,"diabetes",0.077077168267471,0.0926717778910855
1,61,"diabetes",0.0787580441769652,0.0922553307222387
2,61,"diabetes",0.0774752316662532,0.0934608434639352
1,62,"diabetes",0.0790599440782111,0.0929625973512668
2,62,"diabetes",0.0778725189953109,0.0942759693223522
1,63,"diabetes",0.0793469820108092,0.0936818172695381
2,63,"diabetes",0.0782788453979568,0.0951332718668547
1,64,"diabetes",0.0796213492915889,0.0944131442587302
2,64,"diabetes",0.078692143700154,0.0960298320433058
1,65,"diabetes",0.0798895933683563,0.0951607711218089
2,65,"diabetes",0.079097572826086,0.0969428319516327
1,66,"diabetes",0.0801583544516591,0.0959290228126981
2,66,"diabetes",0.0794799877758586,0.0978485786555441
1,67,"diabetes",0.0804343631882055,0.0967223644613384
2,67,"diabetes",0.079823969122022,0.098722493252958
1,68,"diabetes",0.0807150375776073,0.0975453639019213
2,68,"diabetes",0.0801248632881756,0.0995670335207827
1,69,"diabetes",0.0809959004705129,0.098395909953409
2,69,"diabetes",0.0803922865991695,0.100397728784033
1,70,"diabetes",0.0812809505942005,0.0992684182610461
2,70,"diabetes",0.0806321449744143,0.101208840168469
1,71,"diabetes",0.0815742432518891,0.100157103768226
2,71,"diabetes",0.0808504517308169,0.101994468613052
1,72,"diabetes",0.0818798934085952,0.101055969118487
2,72,"diabetes",0.0810533089179997,0.102748567481241
1,73,"diabetes",0.0822072991697829,0.101971284173967
2,73,"diabetes",0.0812385679496364,0.103464111784493
1,74,"diabetes",0.0825540011075461,0.102907620855224
2,74,"diabetes",0.0814019004774654,0.104143838105974
1,75,"diabetes",0.0829062109608186,0.103856025918922
2,75,"diabetes",0.0815462282644373,0.104796453332608
1,76,"diabetes",0.0832499074801498,0.104807209328984
2,76,"diabetes",0.0816745095444649,0.105430926888957
1,77,"diabetes",0.083570839034873,0.105751537600286
2,77,"diabetes",0.0817897325608781,0.106056470893668
1,78,"diabetes",0.083867364385286,0.106683510928889
2,78,"diabetes",0.0818928574096741,0.106658451701037
1,79,"diabetes",0.0841487014665058,0.107609132539938
2,79,"diabetes",0.0819817899301843,0.107229962144097
1,80,"diabetes",0.0844167550475379,0.108535967815518
2,80,"diabetes",0.0820549567366195,0.107792347660308
1,81,"diabetes",0.0846734630841456,0.1094718502754
2,81,"diabetes",0.0821107875354965,0.108367420367581
1,82,"diabetes",0.0849207938028593,0.110424885325457
2,82,"diabetes",0.0821477182495553,0.108977462826292
1,83,"diabetes",0.0851499421728433,0.111401000488339
2,83,"diabetes",0.0821535197141498,0.10962847482142
1,84,"diabetes",0.085359365554029,0.112395225017672
2,84,"diabetes",0.0821292041645689,0.110306225294012
1,85,"diabetes",0.0855620547103598,0.113399306167128
2,85,"diabetes",0.0820930869319159,0.111002891378542
1,86,"diabetes",0.0857711305714792,0.114404690527441
2,86,"diabetes",0.082063465587001,0.111710455391927
1,87,"diabetes",0.0859998439970206,0.115402519835203
2,87,"diabetes",0.082058614021511,0.112420693872666
1,88,"diabetes",0.0862507090829312,0.116375265134793
2,88,"diabetes",0.0820777423354898,0.113116657535647
1,89,"diabetes",0.0865150578086689,0.11732806771516
2,89,"diabetes",0.0821086703261902,0.113803678124175
1,90,"diabetes",0.0867894475668974,0.11828648937813
2,90,"diabetes",0.0821525906497122,0.114507263007277
1,91,"diabetes",0.0870703951481217,0.1192769436873
2,91,"diabetes",0.0822107042963197,0.115253557151573
1,92,"diabetes",0.0873543733696315,0.120326738137943
2,92,"diabetes",0.0822842225602852,0.116069410528809
1,93,"diabetes",0.087643216387931,0.121450733115477
2,93,"diabetes",0.0823790241850462,0.116975306691435
1,94,"diabetes",0.0879393723354227,0.12263272972424
2,94,"diabetes",0.0824943930722064,0.117955591820746
1,95,"diabetes",0.0882401745671155,0.123853646516817
2,95,"diabetes",0.0826216324908927,0.118982899579649
1,96,"diabetes",0.0885429202383641,0.125093641963589
2,96,"diabetes",0.0827520001788213,0.120028942829755
1,97,"diabetes",0.0888448692896188,0.126332067023466
2,97,"diabetes",0.0828767003935152,0.121064434339497
1,98,"diabetes",0.0891460065081698,0.127568630635834
2,98,"diabetes",0.082995706908385,0.122088943857498
1,99,"diabetes",0.0894481644229648,0.128817297980877
2,99,"diabetes",0.0831148843102534,0.123122123302041
1,100,"diabetes",0.0897513464936256,0.130078187532357
2,100,"diabetes",0.0832342328445049,0.124164046042502
1,0,"endometrial_cancer",0,0
2,0,"endometrial_cancer",0,0
1,1,"endometrial_cancer",0,0
2,1,"endometrial_cancer",0,0
1,2,"endometrial_cancer",0,0
2,2,"endometrial_cancer",0,0
1,3,"endometrial_cancer",0,0
2,3,"endometrial_cancer",0,0
1,4,"endometrial_cancer",0,0
2,4,"endometrial_cancer",0,0
1,5,"endometrial_cancer",0,0
2,5,"endometrial_cancer",0,0
1,6,"endometrial_cancer",0,0
2,6,"endometrial_cancer",0,0
1,7,"endometrial_cancer",0,0
2,7,"endometrial_cancer",0,0
1,8,"endometrial_cancer",0,0
2,8,"endometrial_cancer",0,0
1,9,"endometrial_cancer",0,0
2,9,"endometrial_cancer",0,0
1,10,"endometrial_cancer",0,0
2,10,"endometrial_cancer",0,0
1,11,"endometrial_cancer",0,0
2,11,"endometrial_cancer",0,0
1,12,"endometrial_cancer",0,0
2,12,"endometrial_cancer",0,0
1,13,"endometrial_cancer",0,0
2,13,"endometrial_cancer",0,0
1,14,"endometrial_cancer",0,0
2,14,"endometrial_cancer",0,0
1,15,"endometrial_cancer",0,0
2,15,"endometrial_cancer",0,0
1,16,"endometrial_cancer",0,0
2,16,"endometrial_cancer",0,0
1,17,"endometrial_cancer",0,0
2,17,"endometrial_cancer",0,0
1,18,"endometrial_cancer",0,0
2,18,"endometrial_cancer",0,0
1,19,"endometrial_cancer",0,0
2,19,"endometrial_cancer",0,0
1,20,"endometrial_cancer",0,0
2,20,"endometrial_cancer",0.0655784896108145,0.0737915204667226
1,21,"endometrial_cancer",0,0
2,21,"endometrial_cancer",0.0654457898049808,0.0736951275573753
1,22,"endometrial_cancer",0,0
2,22,"endometrial_cancer",0.0653133585207092,0.0735988605648395
1,23,"endometrial_cancer",0,0
2,23,"endometrial_cancer",0.0652008249500757,0.0735219569890339
1,24,"endometrial_cancer",0,0
2,24,"endometrial_cancer",0.0651080870877071,0.0734643563626003
1,25,"endometrial_cancer",0,0
2,25,"endometrial_cancer",0.0650056934261608,0.0733971964685534
1,26,"endometrial_cancer",0,0
2,26,"endometrial_cancer",0.0648643862605933,0.0732917280659162
1,27,"endometrial_cancer",0,0
2,27,"endometrial_cancer",0.0646552109436017,0.0731194086049244
1,28,"endometrial_cancer",0,0
2,28,"endometrial_cancer",0.0643243661720794,0.0728201881888294
1,29,"endometrial_cancer",0,0
2,29,"endometrial_cancer",0.0638929634402255,0.0724145762790157
1,30,"endometrial_cancer",0,0
2,30,"endometrial_cancer",0.0634435374789899,0.0719940261265254
1,31,"endometrial_cancer",0,0
2,31,"endometrial_cancer",0.0630565056267699,0.0716480541233027
1,32,"endometrial_cancer",0,0
2,32,"endometrial_cancer",0.0628104448666112,0.0714646070879238
1,33,"endometrial_cancer",0,0
2,33,"endometrial_cancer",0.0627374958971494,0.0714795457391099
1,34,"endometrial_cancer",0,0
2,34,"endometrial_cancer",0.0627839005669921,0.0716334586023733
1,35,"endometrial_cancer",0,0
2,35,"endometrial_cancer",0.062899093519225,0.0718712473436343
1,36,"endometrial_cancer",0,0
2,36,"endometrial_cancer",0.0630325151330022,0.0721375407215169
1,37,"endometrial_cancer",0,0
2,37,"endometrial_cancer",0.0631332608691817,0.0723762593854624
1,38,"endometrial_cancer",0,0
2,38,"endometrial_cancer",0.0632112652538044,0.0726024422022279
1,39,"endometrial_cancer",0,0
2,39,"endometrial_cancer",0.063300523868745,0.0728537836950796
1,40,"endometrial_cancer",0,0
2,40,"endometrial_cancer",0.0633859012922509,0.0731073959620036
1,41,"endometrial_cancer",0,0
2,41,"endometrial_cancer",0.0634521828033496,0.0733400789186822
1,42,"endometrial_cancer",0,0
2,42,"endometrial_cancer",0.0634841019594796,0.0735283500418847
1,43,"endometrial_cancer",0,0
2,43,"endometrial_cancer",0.0634889038109196,0.0736877139204199
1,44,"endometrial_cancer",0,0
2,44,"endometrial_cancer",0.0634804488402193,0.0738335592112023
1,45,"endometrial_cancer",0,0
2,45,"endometrial_cancer",0.0634533983928676,0.0739419409299413
1,46,"endometrial_cancer",0,0
2,46,"endometrial_cancer",0.063402436581903,0.0739888148465538
1,47,"endometrial_cancer",0,0
2,47,"endometrial_cancer",0.0633222881306069,0.0739501977976093
1,48,"endometrial_cancer",0,0
2,48,"endometrial_cancer",0.0631046464094597,0.0737607318225998
1,49,"endometrial_cancer",0,0
2,49,"endometrial_cancer",0.0627174692779283,0.0734373720295458
1,50,"endometrial_cancer",0,0
2,50,"endometrial_cancer",0.0622690713549178,0.0730791059733371
1,51,"endometrial_cancer",0,0
2,51,"endometrial_cancer",0.0618653041280554,0.0727832874335896
1,52,"endometrial_cancer",0,0
2,52,"endometrial_cancer",0.0616094086995503,0.0726458162984671
1,53,"endometrial_cancer",0,0
2,53,"endometrial_cancer",0.0615150802195749,0.072679750343429
1,54,"endometrial_cancer",0,0
2,54,"endometrial_cancer",0.0615122100693456,0.0728206727651053
1,55,"endometrial_cancer",0,0
2,55,"endometrial_cancer",0.0615774838360223,0.0730481663862317
1,56,"endometrial_cancer",0,0
2,56,"endometrial_cancer",0.0616877751886007,0.0733419163818689
1,57,"endometrial_cancer",0,0
2,57,"endometrial_cancer",0.0618199323881358,0.0736814936918707
1,58,"endometrial_cancer",0,0
2,58,"endometrial_cancer",0.0619755949728961,0.0740683373761474
1,59,"endometrial_cancer",0,0
2,59,"endometrial_cancer",0.0621706180697281,0.0745174795819046
1,60,"endometrial_cancer",0,0
2,60,"endometrial_cancer",0.0624031050910547,0.0750287902981108
1,61,"endometrial_cancer",0,0
2,61,"endometrial_cancer",0.0626711961871247,0.0756022632081237
1,62,"endometrial_cancer",0,0
2,62,"endometrial_cancer",0.0629730561359272,0.0762380103405018
1,63,"endometrial_cancer",0,0
2,63,"endometrial_cancer",0.0633281846303848,0.0769635445521532
1,64,"endometrial_cancer",0,0
2,64,"endometrial_cancer",0.0637390079098448,0.077782176674612
1,65,"endometrial_cancer",0,0
2,65,"endometrial_cancer",0.0641776534733029,0.0786568190833371
1,66,"endometrial_cancer",0,0
2,66,"endometrial_cancer",0.0646155318541911,0.0795488037672428
1,67,"endometrial_cancer",0,0
2,67,"endometrial_cancer",0.065023276391883,0.0804176995392219
1,68,"endometrial_cancer",0,0
2,68,"endometrial_cancer",0.0653501636741731,0.0812072766194068
1,69,"endometrial_cancer",0,0
2,69,"endometrial_cancer",0.0656146618041989,0.0819427248402466
1,70,"endometrial_cancer",0,0
2,70,"endometrial_cancer",0.0658917270253571,0.0827067824011117
1,71,"endometrial_cancer",0,0
2,71,"endometrial_cancer",0.0662576553856991,0.0835853629502393
1,72,"endometrial_cancer",0,0
2,72,"endometrial_cancer",0.0667906716302225,0.0846682994528715
1,73,"endometrial_cancer",0,0
2,73,"endometrial_cancer",0.0675113467752578,0.0859813473547108
1,74,"endometrial_cancer",0,0
2,74,"endometrial_cancer",0.0683732173025856,0.0874752214847401
1,75,"endometrial_cancer",0,0
2,75,"endometrial_cancer",0.0693559273495311,0.0891304890307795
1,76,"endometrial_cancer",0,0
2,76,"endometrial_cancer",0.0704384047485582,0.0909266103052261
1,77,"endometrial_cancer",0,0
2,77,"endometrial_cancer",0.0715984864401648,0.0928415163543908
1,78,"endometrial_cancer",0,0
2,78,"endometrial_cancer",0.0728153117933834,0.0948357239161752
1,79,"endometrial_cancer",0,0
2,79,"endometrial_cancer",0.0741093096713523,0.0969329710579835
1,80,"endometrial_cancer",0,0
2,80,"endometrial_cancer",0.0755213584612742,0.0992094183068822
1,81,"endometrial_cancer",0,0
2,81,"endometrial_cancer",0.0770955975278013,0.101748519001518
1,82,"endometrial_cancer",0,0
2,82,"endometrial_cancer",0.078880183606751,0.104642739444346
1,83,"endometrial_cancer",0,0
2,83,"endometrial_cancer",0.0806072941137339,0.107565138339998
1,84,"endometrial_cancer",0,0
2,84,"endometrial_cancer",0.0822441486133229,0.110460605071456
1,85,"endometrial_cancer",0,0
2,85,"endometrial_cancer",0.0842220080020474,0.113881530776001
1,86,"endometrial_cancer",0,0
2,86,"endometrial_cancer",0.0870165316716814,0.118452910928604
1,87,"endometrial_cancer",0,0
2,87,"endometrial_cancer",0.091179922968591,0.124916930777044
1,88,"endometrial_cancer",0,0
2,88,"endometrial_cancer",0.09696482245628,0.133633507729284
1,89,"endometrial_cancer",0,0
2,89,"endometrial_cancer",0.104288464504447,0.144545159474381
1,90,"endometrial_cancer",0,0
2,90,"endometrial_cancer",0.113323774586104,0.157954790699639
1,91,"endometrial_cancer",0,0
2,91,"endometrial_cancer",0.124286538525791,0.174240882543986
1,92,"endometrial_cancer",0,0
2,92,"endometrial_cancer",0.137436177501852,0.193866279726778
1,93,"endometrial_cancer",0,0
2,93,"endometrial_cancer",0.153780059829668,0.218362257134723
1,94,"endometrial_cancer",0,0
2,94,"endometrial_cancer",0.174227708924631,0.249121567568712
1,95,"endometrial_cancer",0,0
2,95,"endometrial_cancer",0.198806493048458,0.286299995352602
1,96,"endometrial_cancer",0,0
2,96,"endometrial_cancer",0.227257349766744,0.329629004541879
1,97,"endometrial_cancer",0,0
2,97,"endometrial_cancer",0.258855407455597,0.37813020222248
1,98,"endometrial_cancer",0,0
2,98,"endometrial_cancer",0.293797757502868,0.432184497938202
1,99,"endometrial_cancer",0,0
2,99,"endometrial_cancer",0.33345690229987,0.493965938611266
1,100,"endometrial_cancer",0,0
2,100,"endometrial_cancer",0.378469552104528,0.56457913153331
1,0,"esophageal_cancer",0,0
2,0,"esophageal_cancer",0,0
1,1,"esophageal_cancer",0,0
2,1,"esophageal_cancer",0,0
1,2,"esophageal_cancer",0,0
2,2,"esophageal_cancer",0,0
1,3,"esophageal_cancer",0,0
2,3,"esophageal_cancer",0,0
1,4,"esophageal_cancer",0,0
2,4,"esophageal_cancer",0,0
1,5,"esophageal_cancer",0,0
2,5,"esophageal_cancer",0,0
1,6,"esophageal_cancer",0,0
2,6,"esophageal_cancer",0,0
1,7,"esophageal_cancer",0,0
2,7,"esophageal_cancer",0,0
1,8,"esophageal_cancer",0,0
2,8,"esophageal_cancer",0,0
1,9,"esophageal_cancer",0,0
2,9,"esophageal_cancer",0,0
1,10,"esophageal_cancer",0,0
2,10,"esophageal_cancer",0,0
1,11,"esophageal_cancer",0,0
2,11,"esophageal_cancer",0,0
1,12,"esophageal_cancer",0,0
2,12,"esophageal_cancer",0,0
1,13,"esophageal_cancer",0,0
2,13,"esophageal_cancer",0,0
1,14,"esophageal_cancer",0,0
2,14,"esophageal_cancer",0,0
1,15,"esophageal_cancer",0,0
2,15,"esophageal_cancer",0,0
1,16,"esophageal_cancer",0,0
2,16,"esophageal_cancer",0,0
1,17,"esophageal_cancer",0,0
2,17,"esophageal_cancer",0,0
1,18,"esophageal_cancer",0,0
2,18,"esophageal_cancer",0,0
1,19,"esophageal_cancer",0,0
2,19,"esophageal_cancer",0,0
1,20,"esophageal_cancer",0.0885435730004651,0.0956457181569963
2,20,"esophageal_cancer",0.0824325494529448,0.0927563778333496
1,21,"esophageal_cancer",0.0889217165088214,0.0962118139008628
2,21,"esophageal_cancer",0.0820492500406009,0.0923914275577873
1,22,"esophageal_cancer",0.0893014749566708,0.0967812601804083
2,22,"esophageal_cancer",0.0816677329149931,0.0920279131802921
1,23,"esophageal_cancer",0.0896544064556855,0.0973265977972595
2,23,"esophageal_cancer",0.0812310540906823,0.0916094506117985
1,24,"esophageal_cancer",0.0899801806290424,0.0978473821854354
2,24,"esophageal_cancer",0.0807401185996053,0.0911368032834456
1,25,"esophageal_cancer",0.090321465374339,0.0983848392013661
2,25,"esophageal_cancer",0.0802802700320499,0.0906944893205953
1,26,"esophageal_cancer",0.0907215920227077,0.0989811170309014
2,26,"esophageal_cancer",0.0799349773216355,0.0903654451500927
1,27,"esophageal_cancer",0.091224733714453,0.0996794478113369
2,27,"esophageal_cancer",0.0797865928748359,0.090231682805873
1,28,"esophageal_cancer",0.0916725042648536,0.100301049911765
2,28,"esophageal_cancer",0.0797791631570626,0.0902382232634235
1,29,"esophageal_cancer",0.092034858538553,0.100815966211737
2,29,"esophageal_cancer",0.0798256087370282,0.0903225519271264
1,30,"esophageal_cancer",0.0925526635858374,0.101496464835979
2,30,"esophageal_cancer",0.0799617938571897,0.0905558328645211
1,31,"esophageal_cancer",0.0934728253180506,0.102622846304486
2,31,"esophageal_cancer",0.0802240652528326,0.0910105222192596
1,32,"esophageal_cancer",0.0950557186195138,0.104491873566523
2,32,"esophageal_cancer",0.0806497398890261,0.0917618396932628
1,33,"esophageal_cancer",0.0975475059066238,0.107379818392095
2,33,"esophageal_cancer",0.0828956009095127,0.0945843807505248
1,34,"esophageal_cancer",0.100841994529367,0.111168560694464
2,34,"esophageal_cancer",0.0878682793724978,0.100418158572705
1,35,"esophageal_cancer",0.104672140798635,0.115564891857109
2,35,"esophageal_cancer",0.0944454464360375,0.108035583609622
1,36,"esophageal_cancer",0.108733231451397,0.120231956955298
2,36,"esophageal_cancer",0.101217201964103,0.115880232414063
1,37,"esophageal_cancer",0.112670981658076,0.124775531014299
2,37,"esophageal_cancer",0.106347717172235,0.121917509996173
1,38,"esophageal_cancer",0.116900923066573,0.12958538314941
2,38,"esophageal_cancer",0.109197320420823,0.1254235074787
1,39,"esophageal_cancer",0.121710624597631,0.134975845067353
2,39,"esophageal_cancer",0.110812392175675,0.127545100357083
1,40,"esophageal_cancer",0.126440878225942,0.140322460038032
2,40,"esophageal_cancer",0.111671688287162,0.128812405188477
1,41,"esophageal_cancer",0.130328306289668,0.144899561069104
2,41,"esophageal_cancer",0.112295434396721,0.129806894898129
1,42,"esophageal_cancer",0.132533603842416,0.147901760757103
2,42,"esophageal_cancer",0.113222110504829,0.131135744489127
1,43,"esophageal_cancer",0.133362742309889,0.149378329227401
2,43,"esophageal_cancer",0.114393360675523,0.132725634480807
1,44,"esophageal_cancer",0.133800858102152,0.150142970179858
2,44,"esophageal_cancer",0.115446359624521,0.134165505896436
1,45,"esophageal_cancer",0.134016102758477,0.150523251716263
2,45,"esophageal_cancer",0.116478044713854,0.135577791298088
1,46,"esophageal_cancer",0.13417963513589,0.150855585631955
2,46,"esophageal_cancer",0.117589043965632,0.137090429449254
1,47,"esophageal_cancer",0.134463867358486,0.151480400493242
2,47,"esophageal_cancer",0.11888393189871,0.138837217327555
1,48,"esophageal_cancer",0.135185260699834,0.152701676495266
2,48,"esophageal_cancer",0.120444064014968,0.14091554722549
1,49,"esophageal_cancer",0.136425302688044,0.154475528545115
2,49,"esophageal_cancer",0.12220919377457,0.143249566203758
1,50,"esophageal_cancer",0.13800433549816,0.156622392066469
2,50,"esophageal_cancer",0.124070906096858,0.145712904143237
1,51,"esophageal_cancer",0.139737554481959,0.158955678513883
2,51,"esophageal_cancer",0.125914279674455,0.148170555311016
1,52,"esophageal_cancer",0.141431625742066,0.161278333639866
2,52,"esophageal_cancer",0.127617529463225,0.150478308387293
1,53,"esophageal_cancer",0.143280374812283,0.163942774805885
2,53,"esophageal_cancer",0.129172744796562,0.152616932457517
1,54,"esophageal_cancer",0.14542533602433,0.167105844525116
2,54,"esophageal_cancer",0.130655915565742,0.154675822271904
1,55,"esophageal_cancer",0.147576071299156,0.170241865798314
2,55,"esophageal_cancer",0.132066468412367,0.156667872047495
1,56,"esophageal_cancer",0.149425123917237,0.172786076093072
2,56,"esophageal_cancer",0.133404049167816,0.158606929641332
1,57,"esophageal_cancer",0.150651141290209,0.174145005376391
2,57,"esophageal_cancer",0.134668518435409,0.16050773930475
1,58,"esophageal_cancer",0.150922467215951,0.174557977049752
2,58,"esophageal_cancer",0.135787839239233,0.162282903338775
1,59,"esophageal_cancer",0.150439481687716,0.174755133042314
2,59,"esophageal_cancer",0.136756598157097,0.163915967498226
1,60,"esophageal_cancer",0.149678320631892,0.174874720900774
2,60,"esophageal_cancer",0.137677402723479,0.165532932418282
1,61,"esophageal_cancer",0.149110351942056,0.175055705137014
2,61,"esophageal_cancer",0.138655899031478,0.167265034205465
1,62,"esophageal_cancer",0.149200812401521,0.175437703751008
2,62,"esophageal_cancer",0.139800812859142,0.169249143528309
1,63,"esophageal_cancer",0.150167929525923,0.176754910701465
2,63,"esophageal_cancer",0.141226128815171,0.171633902352215
1,64,"esophageal_cancer",0.151711100097777,0.179276499093072
2,64,"esophageal_cancer",0.14286686903884,0.17434372471322
1,65,"esophageal_cancer",0.153514538761061,0.182439681487682
2,65,"esophageal_cancer",0.144561146256635,0.177175688299636
1,66,"esophageal_cancer",0.155249956328097,0.185652184821978
2,66,"esophageal_cancer",0.14613952520297,0.179913777375417
1,67,"esophageal_cancer",0.156574528116004,0.188280953233417
2,67,"esophageal_cancer",0.147425402764953,0.182328735213975
1,68,"esophageal_cancer",0.157228208996105,0.190012707947091
2,68,"esophageal_cancer",0.148217137111696,0.184181788942066
1,69,"esophageal_cancer",0.157430062352238,0.1912501021556
2,69,"esophageal_cancer",0.148622423293978,0.185606783639473
1,70,"esophageal_cancer",0.157552243069241,0.192418541474087
2,70,"esophageal_cancer",0.148929475399907,0.186935117215423
1,71,"esophageal_cancer",0.157969453452509,0.193955375017059
2,71,"esophageal_cancer",0.149430059104276,0.188509020628618
1,72,"esophageal_cancer",0.159061517387198,0.196313345314309
2,72,"esophageal_cancer",0.150420437353006,0.19068295501124
1,73,"esophageal_cancer",0.160835544138085,0.199503050729195
2,73,"esophageal_cancer",0.151879070568891,0.193430700856354
1,74,"esophageal_cancer",0.163055679669385,0.203256920762065
2,74,"esophageal_cancer",0.153618727685811,0.196536491314299
1,75,"esophageal_cancer",0.165750435491711,0.207634401874127
2,75,"esophageal_cancer",0.155696766906103,0.200088579378588
1,76,"esophageal_cancer",0.168953088782312,0.212702960024411
2,76,"esophageal_cancer",0.158175155704044,0.20418308441269
1,77,"esophageal_cancer",0.172702317849754,0.218539575175542
2,77,"esophageal_cancer",0.161121776152891,0.208926064774404
1,78,"esophageal_cancer",0.177449205146967,0.225724325014564
2,78,"esophageal_cancer",0.164943763431888,0.214825162802404
1,79,"esophageal_cancer",0.18326318809339,0.234356470789782
2,79,"esophageal_cancer",0.169665632760701,0.221918055138556
1,80,"esophageal_cancer",0.189568760274861,0.243731577367946
2,80,"esophageal_cancer",0.17474936002858,0.229561314986479
1,81,"esophageal_cancer",0.195710317922435,0.253028160660733
2,81,"esophageal_cancer",0.179592603291189,0.237021075060948
1,82,"esophageal_cancer",0.20094683088707,0.261296789202548
2,82,"esophageal_cancer",0.183526948983357,0.2434675202992
1,83,"esophageal_cancer",0.204447812572385,0.267477467242249
2,83,"esophageal_cancer",0.185608014215061,0.247681701086326
1,84,"esophageal_cancer",0.206605049816965,0.272043037260709
2,84,"esophageal_cancer",0.186203345254594,0.250086292215806
1,85,"esophageal_cancer",0.208514605595947,0.276353947790711
2,85,"esophageal_cancer",0.186617217119131,0.252336115688044
1,86,"esophageal_cancer",0.211324106720739,0.281871870748235
2,86,"esophageal_cancer",0.188178071481612,0.256160983570687
1,87,"esophageal_cancer",0.216251208284834,0.290185809573583
2,87,"esophageal_cancer",0.192273305488008,0.26341534857616
1,88,"esophageal_cancer",0.224543252768405,0.302968878203964
2,88,"esophageal_cancer",0.200278826922204,0.276017234782107
1,89,"esophageal_cancer",0.235714784993169,0.319666436752605
2,89,"esophageal_cancer",0.211672327890879,0.293380581799589
1,90,"esophageal_cancer",0.24832271451294,0.338442321688272
2,90,"esophageal_cancer",0.224934486073976,0.313521851868341
1,91,"esophageal_cancer",0.260607157497765,0.357003378662613
2,91,"esophageal_cancer",0.238155615687693,0.333877225582391
1,92,"esophageal_cancer",0.270454344205351,0.372538749900526
2,92,"esophageal_cancer",0.248959293182789,0.3511798192445
1,93,"esophageal_cancer",0.276852479137271,0.383645625318347
2,93,"esophageal_cancer",0.256269571460916,0.363893746179685
1,94,"esophageal_cancer",0.280921339608589,0.391748881065355
2,94,"esophageal_cancer",0.261336650320356,0.373675326346207
1,95,"esophageal_cancer",0.283621565353558,0.39809038538481
2,95,"esophageal_cancer",0.265082158984152,0.381743170061965
1,96,"esophageal_cancer",0.285988335305184,0.404044979837119
2,96,"esophageal_cancer",0.268522018560023,0.389481993723702
1,97,"esophageal_cancer",0.289100130313641,0.411083018426401
2,97,"esophageal_cancer",0.272734988933019,0.398405185088045
1,98,"esophageal_cancer",0.292980794627079,0.419257802308282
2,98,"esophageal_cancer",0.277755942732081,0.408586551780759
1,99,"esophageal_cancer",0.296913550081042,0.427595149683473
2,99,"esophageal_cancer",0.282869330498457,0.419028106421851
1,100,"esophageal_cancer",0.300899095908108,0.43609829328445
2,100,"esophageal_cancer",0.288076853908493,0.429736498194141
1,0,"gastric_cardia_cancer",0,0
2,0,"gastric_cardia_cancer",0,0
1,1,"gastric_cardia_cancer",0,0
2,1,"gastric_cardia_cancer",0,0
1,2,"gastric_cardia_cancer",0,0
2,2,"gastric_cardia_cancer",0,0
1,3,"gastric_cardia_cancer",0,0
2,3,"gastric_cardia_cancer",0,0
1,4,"gastric_cardia_cancer",0,0
2,4,"gastric_cardia_cancer",0,0
1,5,"gastric_cardia_cancer",0,0
2,5,"gastric_cardia_cancer",0,0
1,6,"gastric_cardia_cancer",0,0
2,6,"gastric_cardia_cancer",0,0
1,7,"gastric_cardia_cancer",0,0
2,7,"gastric_cardia_cancer",0,0
1,8,"gastric_cardia_cancer",0,0
2,8,"gastric_cardia_cancer",0,0
1,9,"gastric_cardia_cancer",0,0
2,9,"gastric_cardia_cancer",0,0
1,10,"gastric_cardia_cancer",0,0
2,10,"gastric_cardia_cancer",0,0
1,11,"gastric_cardia_cancer",0,0
2,11,"gastric_cardia_cancer",0,0
1,12,"gastric_cardia_cancer",0,0
2,12,"gastric_cardia_cancer",0,0
1,13,"gastric_cardia_cancer",0,0
2,13,"gastric_cardia_cancer",0,0
1,14,"gastric_cardia_cancer",0,0
2,14,"gastric_cardia_cancer",0,0
1,15,"gastric_cardia_cancer",0.070756984238233,0.0760990244041111
2,15,"gastric_cardia_cancer",0.0713943187991484,0.082390706521618
1,16,"gastric_cardia_cancer",0.0733083912437515,0.0789292832184095
2,16,"gastric_cardia_cancer",0.0741661201208228,0.0852986592231973
1,17,"gastric_cardia_cancer",0.0759517987461523,0.0818648044196917
2,17,"gastric_cardia_cancer",0.077045533402329,0.0883092471523603
1,18,"gastric_cardia_cancer",0.0788190470495672,0.0850444642294418
2,18,"gastric_cardia_cancer",0.0801905983849558,0.0915716514841288
1,19,"gastric_cardia_cancer",0.0819281291134932,0.0884880493456906
2,19,"gastric_cardia_cancer",0.0836244980881565,0.0951057550352676
1,20,"gastric_cardia_cancer",0.0850903920255689,0.0919979855732065
2,20,"gastric_cardia_cancer",0.0871217425162603,0.0986977166387787
1,21,"gastric_cardia_cancer",0.0880867381444528,0.0953438120866836
2,21,"gastric_cardia_cancer",0.0904172758451756,0.10209997593791
1,22,"gastric_cardia_cancer",0.0906692318956324,0.0982635788121827
2,22,"gastric_cardia_cancer",0.0932088170756301,0.105033072662888
1,23,"gastric_cardia_cancer",0.0927258801256645,0.100643308452938
2,23,"gastric_cardia_cancer",0.0954603114610421,0.107473295851641
1,24,"gastric_cardia_cancer",0.0943718247836864,0.102602807879927
2,24,"gastric_cardia_cancer",0.0973157316620461,0.109556971109339
1,25,"gastric_cardia_cancer",0.0956920326544589,0.104221186644556
2,25,"gastric_cardia_cancer",0.0987229837521087,0.11122596054499
1,26,"gastric_cardia_cancer",0.0967816279995771,0.105588256960937
2,26,"gastric_cardia_cancer",0.0996343678331428,0.112424446377888
1,27,"gastric_cardia_cancer",0.0977429541380101,0.106801777316474
2,27,"gastric_cardia_cancer",0.100008382583389,0.113100764552623
1,28,"gastric_cardia_cancer",0.0984634424269158,0.107731175585793
2,28,"gastric_cardia_cancer",0.10007653175377,0.113391451055212
1,29,"gastric_cardia_cancer",0.0988630037600678,0.108295589355317
2,29,"gastric_cardia_cancer",0.100109086830538,0.113530047949139
1,30,"gastric_cardia_cancer",0.09910130769441,0.108677935371105
2,30,"gastric_cardia_cancer",0.100128479898829,0.113615539337531
1,31,"gastric_cardia_cancer",0.0993411840984022,0.109065656598563
2,31,"gastric_cardia_cancer",0.100157176585263,0.113747463537808
1,32,"gastric_cardia_cancer",0.0997473136409099,0.109649201930568
2,32,"gastric_cardia_cancer",0.100217671739302,0.114025884537603
1,33,"gastric_cardia_cancer",0.100414566010285,0.110535864160656
2,33,"gastric_cardia_cancer",0.100811365229397,0.114945617652408
1,34,"gastric_cardia_cancer",0.101236582758,0.111603556111293
2,34,"gastric_cardia_cancer",0.102163619204461,0.116663030765959
1,35,"gastric_cardia_cancer",0.10207536447077,0.112697880891085
2,35,"gastric_cardia_cancer",0.103880083484634,0.118765232837347
1,36,"gastric_cardia_cancer",0.102788504767325,0.113658565240091
2,36,"gastric_cardia_cancer",0.105546835714984,0.120815872076422
1,37,"gastric_cardia_cancer",0.103229958171378,0.114320232750846
2,37,"gastric_cardia_cancer",0.106724152184318,0.122349056817947
1,38,"gastric_cardia_cancer",0.103261993374696,0.11452597357028
2,38,"gastric_cardia_cancer",0.107304719045176,0.123249674807001
1,39,"gastric_cardia_cancer",0.102979436281803,0.114381110248476
2,39,"gastric_cardia_cancer",0.107570974337113,0.123814227343682
1,40,"gastric_cardia_cancer",0.102584520633104,0.114113196241824
2,40,"gastric_cardia_cancer",0.107656557439257,0.124180983656324
1,41,"gastric_cardia_cancer",0.102277602491912,0.113948995848209
2,41,"gastric_cardia_cancer",0.107697076032036,0.12449146400679
1,42,"gastric_cardia_cancer",0.102256916387442,0.114114289092123
2,42,"gastric_cardia_cancer",0.107828684804512,0.124888988520665
1,43,"gastric_cardia_cancer",0.102594165347734,0.114689165794287
2,43,"gastric_cardia_cancer",0.108019859849624,0.125330739042942
1,44,"gastric_cardia_cancer",0.103158829826087,0.115526880821782
2,44,"gastric_cardia_cancer",0.108179722001112,0.125720613254679
1,45,"gastric_cardia_cancer",0.103845425634334,0.11651318506892
2,45,"gastric_cardia_cancer",0.108356049189267,0.126123973483222
1,46,"gastric_cardia_cancer",0.104546379748484,0.11753076370052
2,46,"gastric_cardia_cancer",0.108596945509594,0.126607049387516
1,47,"gastric_cardia_cancer",0.105151321665183,0.118458323645935
2,47,"gastric_cardia_cancer",0.108951021156966,0.127237183030896
1,48,"gastric_cardia_cancer",0.10559452687606,0.11922372554707
2,48,"gastric_cardia_cancer",0.109411065502123,0.128007306078941
1,49,"gastric_cardia_cancer",0.105948152285878,0.119905973925033
2,49,"gastric_cardia_cancer",0.109945984206178,0.128875038423316
1,50,"gastric_cardia_cancer",0.106307873678699,0.120609541739443
2,50,"gastric_cardia_cancer",0.11056945667371,0.129856363174204
1,51,"gastric_cardia_cancer",0.106770752329412,0.121441442176375
2,51,"gastric_cardia_cancer",0.111295641967094,0.130967965798607
1,52,"gastric_cardia_cancer",0.107435735459872,0.122511894333604
2,52,"gastric_cardia_cancer",0.112139294685468,0.132227378472139
1,53,"gastric_cardia_cancer",0.108422575888341,0.123955734084413
2,53,"gastric_cardia_cancer",0.113173898705721,0.133714378229923
1,54,"gastric_cardia_cancer",0.109673577099791,0.12571223762715
2,54,"gastric_cardia_cancer",0.114395918648437,0.135426572190631
1,55,"gastric_cardia_cancer",0.111019240641293,0.127595293437937
2,55,"gastric_cardia_cancer",0.115702409540308,0.137255508618949
1,56,"gastric_cardia_cancer",0.112282243353922,0.129408114991179
2,56,"gastric_cardia_cancer",0.11698595378077,0.139087104597475
1,57,"gastric_cardia_cancer",0.113277361008925,0.130942829061758
2,57,"gastric_cardia_cancer",0.118134379466089,0.140801149389387
1,58,"gastric_cardia_cancer",0.113969443884834,0.13215277008144
2,58,"gastric_cardia_cancer",0.119058116198612,0.142288859378017
1,59,"gastric_cardia_cancer",0.114475332695057,0.133166842228321
2,59,"gastric_cardia_cancer",0.119826795288728,0.14362396657016
1,60,"gastric_cardia_cancer",0.114834531108985,0.134035465334321
2,60,"gastric_cardia_cancer",0.120566829858638,0.14496046921339
1,61,"gastric_cardia_cancer",0.115087753615685,0.134811102571791
2,61,"gastric_cardia_cancer",0.121408032972084,0.146458383161063
1,62,"gastric_cardia_cancer",0.115276470940459,0.135547783103812
2,62,"gastric_cardia_cancer",0.122484014227436,0.148284649280187
1,63,"gastric_cardia_cancer",0.115366536070825,0.136208668273411
2,63,"gastric_cardia_cancer",0.123878601172297,0.150551232378262
1,64,"gastric_cardia_cancer",0.115329578751542,0.136755132296134
2,64,"gastric_cardia_cancer",0.125512481995508,0.153165767237111
1,65,"gastric_cardia_cancer",0.115216378645513,0.137240396095346
2,65,"gastric_cardia_cancer",0.127274839585883,0.155989405803564
1,66,"gastric_cardia_cancer",0.115077756927845,0.137718605191961
2,66,"gastric_cardia_cancer",0.129048953222463,0.15887340956083
1,67,"gastric_cardia_cancer",0.114964352458075,0.138244694901024
2,67,"gastric_cardia_cancer",0.130711552503132,0.16165783914288
1,68,"gastric_cardia_cancer",0.114739394962347,0.138664322924053
2,68,"gastric_cardia_cancer",0.132272023217488,0.164367618602863
1,69,"gastric_cardia_cancer",0.114370003779265,0.138939631856214
2,69,"gastric_cardia_cancer",0.133810145310503,0.167108503138094
1,70,"gastric_cardia_cancer",0.114061105801412,0.139302819113681
2,70,"gastric_cardia_cancer",0.135302756272408,0.169830965532081
1,71,"gastric_cardia_cancer",0.114015664382648,0.139988779221825
2,71,"gastric_cardia_cancer",0.136725756266685,0.172482287452983
1,72,"gastric_cardia_cancer",0.114437565298954,0.141238570098479
2,72,"gastric_cardia_cancer",0.138054207483968,0.175006699209359
1,73,"gastric_cardia_cancer",0.115397235686459,0.143140626585619
2,73,"gastric_cardia_cancer",0.13916895004322,0.177243299181847
1,74,"gastric_cardia_cancer",0.116769068846737,0.145558384854579
2,74,"gastric_cardia_cancer",0.140079770837891,0.179215041546872
1,75,"gastric_cardia_cancer",0.118467028299236,0.148402811068013
2,75,"gastric_cardia_cancer",0.140958805416372,0.181148572877394
1,76,"gastric_cardia_cancer",0.120402661865453,0.151580552673986
2,76,"gastric_cardia_cancer",0.141982906545466,0.183281044758857
1,77,"gastric_cardia_cancer",0.122482840456171,0.154991248831254
2,77,"gastric_cardia_cancer",0.143334364716534,0.185861188240304
1,78,"gastric_cardia_cancer",0.124830534768298,0.158790726498009
2,78,"gastric_cardia_cancer",0.145162227001353,0.189061401289068
1,79,"gastric_cardia_cancer",0.127531773640194,0.163087288259148
2,79,"gastric_cardia_cancer",0.147361393512168,0.19274471393303
1,80,"gastric_cardia_cancer",0.130424498291106,0.167688856802265
2,80,"gastric_cardia_cancer",0.149731331415729,0.196696121398382
1,81,"gastric_cardia_cancer",0.133331994549797,0.172381046110878
2,81,"gastric_cardia_cancer",0.152059161123422,0.200683241858812
1,82,"gastric_cardia_cancer",0.136061489965172,0.176924564100213
2,82,"gastric_cardia_cancer",0.154118757651849,0.204454506354224
1,83,"gastric_cardia_cancer",0.138127554612287,0.180711194701481
2,83,"gastric_cardia_cancer",0.155294815508611,0.207230728897797
1,84,"gastric_cardia_cancer",0.139628969159577,0.183853632297008
2,84,"gastric_cardia_cancer",0.155716840875066,0.209140428260073
1,85,"gastric_cardia_cancer",0.141267719749324,0.187228572965137
2,85,"gastric_cardia_cancer",0.156285276952689,0.211322515329852
1,86,"gastric_cardia_cancer",0.14378203308445,0.191781767231392
2,86,"gastric_cardia_cancer",0.157917801707266,0.214968615047194
1,87,"gastric_cardia_cancer",0.147973066572329,0.198563903799414
2,87,"gastric_cardia_cancer",0.161585110331632,0.221372374364152
1,88,"gastric_cardia_cancer",0.15458915871594,0.208582103542293
2,88,"gastric_cardia_cancer",0.168230151281544,0.231848877274202
1,89,"gastric_cardia_cancer",0.163385047106747,0.221575900844674
2,89,"gastric_cardia_cancer",0.177522792864238,0.246048884954141
1,90,"gastric_cardia_cancer",0.173671913999788,0.236699755402647
2,90,"gastric_cardia_cancer",0.188512289045371,0.262755271514957
1,91,"gastric_cardia_cancer",0.18457716749906,0.252850585739206
2,91,"gastric_cardia_cancer",0.200008263789047,0.280397352859435
1,92,"gastric_cardia_cancer",0.194986508065751,0.26858518459267
2,92,"gastric_cardia_cancer",0.21050693573612,0.296939257404008
1,93,"gastric_cardia_cancer",0.204569742574735,0.28348052744864
2,93,"gastric_cardia_cancer",0.219497289979428,0.311678404390996
1,94,"gastric_cardia_cancer",0.213988495205656,0.298410059109344
2,94,"gastric_cardia_cancer",0.227830162586241,0.325765675237522
1,95,"gastric_cardia_cancer",0.223461936966316,0.313650509949281
2,95,"gastric_cardia_cancer",0.235863887055883,0.339666118206142
1,96,"gastric_cardia_cancer",0.233255944284344,0.329544536159786
2,96,"gastric_cardia_cancer",0.244021856192625,0.353945347095688
1,97,"gastric_cardia_cancer",0.243685578042561,0.346506253248796
2,97,"gastric_cardia_cancer",0.252791178314036,0.369271711630527
1,98,"gastric_cardia_cancer",0.254797334457438,0.364616972981478
2,98,"gastric_cardia_cancer",0.262217103152292,0.385728495819362
1,99,"gastric_cardia_cancer",0.266415773014178,0.383674279294231
2,99,"gastric_cardia_cancer",0.271994496185162,0.402918685079065
1,100,"gastric_cardia_cancer",0.278563997782316,0.403727647092901
2,100,"gastric_cardia_cancer",0.282136462746494,0.420874963984691
1,0,"head_and_neck_cancer",0,0
2,0,"head_and_neck_cancer",0,0
1,1,"head_and_neck_cancer",0,0
2,1,"head_and_neck_cancer",0,0
1,2,"head_and_neck_cancer",0,0
2,2,"head_and_neck_cancer",0,0
1,3,"head_and_neck_cancer",0,0
2,3,"head_and_neck_cancer",0,0
1,4,"head_and_neck_cancer",0,0
2,4,"head_and_neck_cancer",0,0
1,5,"head_and_neck_cancer",0.070503337909406,0.0729802972225598
2,5,"head_and_neck_cancer",0.071214376169627,0.0729784612046218
1,6,"head_and_neck_cancer",0.0709474127850545,0.0736971489010842
2,6,"head_and_neck_cancer",0.0717172962591131,0.0739374720545807
1,7,"head_and_neck_cancer",0.0713942847267856,0.0744210418818307
2,7,"head_and_neck_cancer",0.0722237679996843,0.0749090852778311
1,8,"head_and_neck_cancer",0.0718643601372322,0.0751751866331934
2,8,"head_and_neck_cancer",0.0728603769222859,0.0759771753138321
1,9,"head_and_neck_cancer",0.0723580594792237,0.0759603565066245
2,9,"head_and_neck_cancer",0.0736304953338259,0.0771454907332019
1,10,"head_and_neck_cancer",0.072844814799971,0.0767419125901809
2,10,"head_and_neck_cancer",0.0743441006312905,0.0782886081487556
1,11,"head_and_neck_cancer",0.0732932384863738,0.0774837841389736
2,11,"head_and_neck_cancer",0.0748040699082473,0.0792736931793026
1,12,"head_and_neck_cancer",0.0736712209448102,0.0781485709579443
2,12,"head_and_neck_cancer",0.0748102855635807,0.0799620600435593
1,13,"head_and_neck_cancer",0.0739044358765778,0.078667580060546
2,13,"head_and_neck_cancer",0.0740341285214642,0.0801530986794766
1,14,"head_and_neck_cancer",0.0740124976447521,0.0790621795569921
2,14,"head_and_neck_cancer",0.0726260179572139,0.0799312991947283
1,15,"head_and_neck_cancer",0.074104833608213,0.0794312213416073
2,15,"head_and_neck_cancer",0.0710929119438684,0.0795862415950613
1,16,"head_and_neck_cancer",0.0742916393983386,0.0798756467937507
2,16,"head_and_neck_cancer",0.0699066318605238,0.0794050354541644
1,17,"head_and_neck_cancer",0.0746844667054095,0.0804988079408331
2,17,"head_and_neck_cancer",0.069510859029111,0.0796730369523157
1,18,"head_and_neck_cancer",0.0754763015786886,0.0814924701037961
2,18,"head_and_neck_cancer",0.0702132150951064,0.0806252171041633
1,19,"head_and_neck_cancer",0.0766039065856938,0.0828001270361138
2,19,"head_and_neck_cancer",0.0717289035897705,0.0820887639252163
1,20,"head_and_neck_cancer",0.0777878257317357,0.0841450217008771
2,20,"head_and_neck_cancer",0.0736027543419636,0.0837308408242428
1,21,"head_and_neck_cancer",0.0787323442124344,0.0852330768750748
2,21,"head_and_neck_cancer",0.0753414364780828,0.0851945334659648
1,22,"head_and_neck_cancer",0.0791290579725673,0.0857568136605741
2,22,"head_and_neck_cancer",0.0764062869258393,0.0860990122862678
1,23,"head_and_neck_cancer",0.0787120310672615,0.0854328825018836
2,23,"head_and_neck_cancer",0.07660192319115,0.0862642518266221
1,24,"head_and_neck_cancer",0.0776893702620482,0.0844653322067305
2,24,"head_and_neck_cancer",0.0762702825617669,0.0859315645204247
1,25,"head_and_neck_cancer",0.0764585171264503,0.0832733631312457
2,25,"head_and_neck_cancer",0.0756634475057811,0.0853462838719917
1,26,"head_and_neck_cancer",0.0753984394065776,0.0822593084975812
2,26,"head_and_neck_cancer",0.0750312130712474,0.0847515053955835
1,27,"head_and_neck_cancer",0.0748685614144199,0.0818073844268857
2,27,"head_and_neck_cancer",0.0746161552233873,0.0843843684473701
1,28,"head_and_neck_cancer",0.0749756948770453,0.0820326768024699
2,28,"head_and_neck_cancer",0.0743992004313151,0.0842256845875994
1,29,"head_and_neck_cancer",0.0754755763245136,0.0826767517587489
2,29,"head_and_neck_cancer",0.0742178179061598,0.0841164902463123
1,30,"head_and_neck_cancer",0.0761960488882235,0.0835592331651441
2,30,"head_and_neck_cancer",0.0740949209898704,0.0840809306913902
1,31,"head_and_neck_cancer",0.0769615293365706,0.0844952655447328
2,31,"head_and_neck_cancer",0.07405337803372,0.0841432677665041
1,32,"head_and_neck_cancer",0.0775899189623391,0.085292248798855
2,32,"head_and_neck_cancer",0.0741162296917257,0.0843281279889978
1,33,"head_and_neck_cancer",0.0780425813475966,0.0859088926371636
2,33,"head_and_neck_cancer",0.0742789708943125,0.0846292479731449
1,34,"head_and_neck_cancer",0.0784396967762993,0.0864721908033267
2,34,"head_and_neck_cancer",0.0745267182946286,0.0850314577704929
1,35,"head_and_neck_cancer",0.0788336472088497,0.0870375043911489
2,35,"head_and_neck_cancer",0.0748675324398931,0.0855469076092564
1,36,"head_and_neck_cancer",0.0792779197581323,0.0876616955886756
2,36,"head_and_neck_cancer",0.0753099369555564,0.0861884319926481
1,37,"head_and_neck_cancer",0.0798272677769425,0.088403327810845
2,37,"head_and_neck_cancer",0.0758630210126707,0.0869697147111578
1,38,"head_and_neck_cancer",0.0805364572259653,0.0893215002952388
2,38,"head_and_neck_cancer",0.0765930342253847,0.0879743840229979
1,39,"head_and_neck_cancer",0.0813730062504891,0.0903824601808562
2,39,"head_and_neck_cancer",0.0775000198008007,0.0892025486418376
1,40,"head_and_neck_cancer",0.0822600593009195,0.0915046269353114
2,40,"head_and_neck_cancer",0.0784918271824169,0.0905396990238556
1,41,"head_and_neck_cancer",0.0831175488638295,0.0926024955575858
2,41,"head_and_neck_cancer",0.0794719445376652,0.0918648777429892
1,42,"head_and_neck_cancer",0.08386209788112,0.0935864684714213
2,42,"head_and_neck_cancer",0.0803390521976824,0.0930500356734173
1,43,"head_and_neck_cancer",0.084448762864685,0.0944045709859099
2,43,"head_and_neck_cancer",0.0810958363245284,0.0940919671068621
1,44,"head_and_neck_cancer",0.0849296392170193,0.0951121326657429
2,44,"head_and_neck_cancer",0.0818072147188651,0.0950719137825775
1,45,"head_and_neck_cancer",0.0853661612164159,0.0957796964062233
2,45,"head_and_neck_cancer",0.0824617533520842,0.0959836028627418
1,46,"head_and_neck_cancer",0.0858212386926975,0.0964800096334623
2,46,"head_and_neck_cancer",0.0830478022578128,0.0968207453040258
1,47,"head_and_neck_cancer",0.0863591632110663,0.0972879992704454
2,47,"head_and_neck_cancer",0.0835535787460662,0.0975770752665394
1,48,"head_and_neck_cancer",0.0870302010314063,0.0982632822840666
2,48,"head_and_neck_cancer",0.0839250174459367,0.0981894778794017
1,49,"head_and_neck_cancer",0.0877939826140432,0.0993601376047535
2,49,"head_and_neck_cancer",0.0841671886400218,0.0986579887231191
1,50,"head_and_neck_cancer",0.0885783887993511,0.10049489761593
2,50,"head_and_neck_cancer",0.0843581391208858,0.0990729400317867
1,51,"head_and_neck_cancer",0.0893087733060862,0.10158012370122
2,51,"head_and_neck_cancer",0.084576895919374,0.0995264847422861
1,52,"head_and_neck_cancer",0.0899081069332616,0.102524662294104
2,52,"head_and_neck_cancer",0.0849033577725032,0.100112529271999
1,53,"head_and_neck_cancer",0.0903348127422157,0.103276627907928
2,53,"head_and_neck_cancer",0.0853701540992765,0.100864397226959
1,54,"head_and_neck_cancer",0.0906371629917116,0.103891938907922
2,54,"head_and_neck_cancer",0.085925779013406,0.101722455242106
1,55,"head_and_neck_cancer",0.0908725135446392,0.104440500260984
2,55,"head_and_neck_cancer",0.086524191915846,0.102641958939634
1,56,"head_and_neck_cancer",0.0910990995875395,0.1049940079827
2,56,"head_and_neck_cancer",0.0871181679520902,0.103576654689672
1,57,"head_and_neck_cancer",0.0913757926891288,0.105625737534021
2,57,"head_and_neck_cancer",0.0876591936252668,0.10447860540485
1,58,"head_and_neck_cancer",0.0917266647142209,0.106361252798293
2,58,"head_and_neck_cancer",0.088138262169086,0.105335891344685
1,59,"head_and_neck_cancer",0.0921129313976933,0.107153112498921
2,59,"head_and_neck_cancer",0.0885868933201847,0.106179932243998
1,60,"head_and_neck_cancer",0.092499289588769,0.107965654610965
2,60,"head_and_neck_cancer",0.0890166728222346,0.107026938298498
1,61,"head_and_neck_cancer",0.0928498529200932,0.108762145862933
2,61,"head_and_neck_cancer",0.0894394382446794,0.107893647524636
1,62,"head_and_neck_cancer",0.0931282213280792,0.109504774412658
2,62,"head_and_neck_cancer",0.0898672616590307,0.108797343563019
1,63,"head_and_neck_cancer",0.0932796245452131,0.110131532670333
2,63,"head_and_neck_cancer",0.0902891998934188,0.109729607743111
1,64,"head_and_neck_cancer",0.0933274727424828,0.110665546687358
2,64,"head_and_neck_cancer",0.0906969473184162,0.110679569882032
1,65,"head_and_neck_cancer",0.0933527822120781,0.111197496033148
2,65,"head_and_neck_cancer",0.0911069357111769,0.11166163565722
1,66,"head_and_neck_cancer",0.0934367834086299,0.111819901848872
2,66,"head_and_neck_cancer",0.0915358987340109,0.112690726781935
1,67,"head_and_neck_cancer",0.0936610786136394,0.112627496786583
2,67,"head_and_neck_cancer",0.0920008914677791,0.113782332388283
1,68,"head_and_neck_cancer",0.0940407955150666,0.113649747252156
2,68,"head_and_neck_cancer",0.0925871336707947,0.115150568789376
1,69,"head_and_neck_cancer",0.0945229843108443,0.114828960462799
2,69,"head_and_neck_cancer",0.0932855488306673,0.11679531510081
1,70,"head_and_neck_cancer",0.0950877878709092,0.11613070748905
2,70,"head_and_neck_cancer",0.0939695325621325,0.11839943198439
1,71,"head_and_neck_cancer",0.0957150982060386,0.117519288454891
2,71,"head_and_neck_cancer",0.094508868143035,0.119628720438626
1,72,"head_and_neck_cancer",0.0963843977235144,0.118957393743126
2,72,"head_and_neck_cancer",0.0947708320176586,0.120137812494133
1,73,"head_and_neck_cancer",0.0970529841561626,0.120386115676664
2,73,"head_and_neck_cancer",0.0944611888749497,0.120161748474569
1,74,"head_and_neck_cancer",0.0977354501638358,0.121832043445988
2,74,"head_and_neck_cancer",0.0936712134143323,0.120175272343973
1,75,"head_and_neck_cancer",0.0984982433548375,0.123388054963251
2,75,"head_and_neck_cancer",0.092841679956336,0.120192544471617
1,76,"head_and_neck_cancer",0.0994099993876972,0.125151906237311
2,76,"head_and_neck_cancer",0.0924004359630891,0.120227734505651
1,77,"head_and_neck_cancer",0.100542331075949,0.12722746627878
2,77,"head_and_neck_cancer",0.0927703758978212,0.120295034145986
1,78,"head_and_neck_cancer",0.10194061661467,0.129673597905705
2,78,"head_and_neck_cancer",0.0941824296924682,0.121591384806622
1,79,"head_and_neck_cancer",0.103569116803872,0.132443907308876
2,79,"head_and_neck_cancer",0.0963863840510591,0.124830602585721
1,80,"head_and_neck_cancer",0.105379176146973,0.135487686825593
2,80,"head_and_neck_cancer",0.0990866606847461,0.129311172839904
1,81,"head_and_neck_cancer",0.107319251203836,0.138749929098556
2,81,"head_and_neck_cancer",0.101961657371562,0.134270720746385
1,82,"head_and_neck_cancer",0.10933408544036,0.14217017183027
2,82,"head_and_neck_cancer",0.104652414254636,0.138832274677063
1,83,"head_and_neck_cancer",0.111340784646185,0.145666273966038
2,83,"head_and_neck_cancer",0.107003575327422,0.142789241464037
1,84,"head_and_neck_cancer",0.113379848128137,0.149290630970839
2,84,"head_and_neck_cancer",0.109245865622353,0.146726115129913
1,85,"head_and_neck_cancer",0.115585107363113,0.153190231611432
2,85,"head_and_neck_cancer",0.111583611724019,0.150878764518858
1,86,"head_and_neck_cancer",0.118101069682252,0.157527553128122
2,86,"head_and_neck_cancer",0.114239291603648,0.155510411331156
1,87,"head_and_neck_cancer",0.121085808635246,0.162484102102262
2,87,"head_and_neck_cancer",0.117457639933773,0.160917528762294
1,88,"head_and_neck_cancer",0.124948741217779,0.168589256159001
2,88,"head_and_neck_cancer",0.121396842270669,0.167304858080905
1,89,"head_and_neck_cancer",0.129668772058288,0.175851312522291
2,89,"head_and_neck_cancer",0.125962090946432,0.174585085801145
1,90,"head_and_neck_cancer",0.134721263438962,0.183613397060718
2,90,"head_and_neck_cancer",0.13102802059938,0.182631611461528
1,91,"head_and_neck_cancer",0.139497522247682,0.191096389046462
2,91,"head_and_neck_cancer",0.136447582110818,0.191289800246939
1,92,"head_and_neck_cancer",0.143304160749215,0.197395065174185
2,92,"head_and_neck_cancer",0.142046438709642,0.200369474192521
1,93,"head_and_neck_cancer",0.145768120238978,0.201996752258932
2,93,"head_and_neck_cancer",0.147865447281467,0.209963716078536
1,94,"head_and_neck_cancer",0.147261599193554,0.205358435170318
2,94,"head_and_neck_cancer",0.154058110652104,0.220281826921851
1,95,"head_and_neck_cancer",0.148188822163869,0.207997389942463
2,95,"head_and_neck_cancer",0.160590718763348,0.231265696258778
1,96,"head_and_neck_cancer",0.148975936311847,0.2104735464791
2,96,"head_and_neck_cancer",0.16742134187618,0.242838923882349
1,97,"head_and_neck_cancer",0.150060819459612,0.213377470788658
2,97,"head_and_neck_cancer",0.174498697986642,0.254903803655587
1,98,"head_and_neck_cancer",0.151449908914371,0.216726000938219
2,98,"head_and_neck_cancer",0.181829589823245,0.267476275707453
1,99,"head_and_neck_cancer",0.152851856952204,0.220127079532191
2,99,"head_and_neck_cancer",0.189468460892589,0.280668852485997
1,100,"head_and_neck_cancer",0.154266782602999,0.223581531212698
2,100,"head_and_neck_cancer",0.197428249757934,0.29451211905599
1,0,"liver_cancer",0.0558385946557938,0.0568663284590685
2,0,"liver_cancer",0.0585565739009892,0.0594193616555741
1,1,"liver_cancer",0.0609094449595353,0.0622371740035344
2,1,"liver_cancer",0.0612522985387461,0.0623493810391116
1,2,"liver_cancer",0.0664407925763174,0.0681152789868311
2,2,"liver_cancer",0.0640721242097173,0.065423882176554
1,3,"liver_cancer",0.0732482342018603,0.0753434520403735
2,3,"liver_cancer",0.0672940535377101,0.0688454073395836
1,4,"liver_cancer",0.0816153236482174,0.0842272825065703
2,4,"liver_cancer",0.070965144407819,0.0726520937805455
1,5,"liver_cancer",0.0904565788883739,0.0936605952373288
2,5,"liver_cancer",0.0746849466321995,0.0765603740778734
1,6,"liver_cancer",0.0981486261287853,0.10196436971358
2,6,"liver_cancer",0.0779649472920639,0.080221533991776
1,7,"liver_cancer",0.102609038313078,0.106959143396067
2,7,"liver_cancer",0.0802421917549823,0.0832256382009911
1,8,"liver_cancer",0.101795479628287,0.106479468085125
2,8,"liver_cancer",0.0815135911032981,0.0852479233675641
1,9,"liver_cancer",0.0968556688139741,0.101671354417544
2,9,"liver_cancer",0.0822633803880469,0.0864580593872663
1,10,"liver_cancer",0.090427190114519,0.0952610430037067
2,10,"liver_cancer",0.0826416714862769,0.0871867099581121
1,11,"liver_cancer",0.0847567377095775,0.0896014938543729
2,11,"liver_cancer",0.0828083981005107,0.0877902646866535
1,12,"liver_cancer",0.0815970387248446,0.0865560783297409
2,12,"liver_cancer",0.0829276118823764,0.0886383821509659
1,13,"liver_cancer",0.0810303665431772,0.0862527772759986
2,13,"liver_cancer",0.082665904766037,0.0895307041947486
1,14,"liver_cancer",0.0817482766774505,0.0873257508504787
2,14,"liver_cancer",0.0819363515809547,0.0902148733681033
1,15,"liver_cancer",0.0832519470940408,0.0892357963005216
2,15,"liver_cancer",0.0812676403861892,0.0910012304607993
1,16,"liver_cancer",0.0850399071628445,0.0914317902111691
2,16,"liver_cancer",0.0811740852418029,0.0922117738213142
1,17,"liver_cancer",0.0865747673805444,0.0933147932806216
2,17,"liver_cancer",0.082175768945527,0.0941895002770716
1,18,"liver_cancer",0.0878031462416784,0.0948018798014285
2,18,"liver_cancer",0.0846990106977879,0.0972591287376177
1,19,"liver_cancer",0.0890896562077638,0.0962958050103436
2,19,"liver_cancer",0.0885066337027188,0.101289714414012
1,20,"liver_cancer",0.0904956974141709,0.0978914418949336
2,20,"liver_cancer",0.0931244843910879,0.105938853091864
1,21,"liver_cancer",0.0920867205166259,0.0996900906162466
2,21,"liver_cancer",0.0979873835538827,0.110802100645534
1,22,"liver_cancer",0.0939332811588316,0.101801020955626
2,22,"liver_cancer",0.102405271272916,0.115396167831885
1,23,"liver_cancer",0.096169472799938,0.104380933366646
2,23,"liver_cancer",0.106335451244543,0.119748274744576
1,24,"liver_cancer",0.0987780037210366,0.107393287793076
2,24,"liver_cancer",0.110209498661453,0.124169916865336
1,25,"liver_cancer",0.101595799760917,0.110651164109138
2,25,"liver_cancer",0.113948481321069,0.128530747067363
1,26,"liver_cancer",0.10444099300367,0.11394458467443
2,26,"liver_cancer",0.117465411881477,0.132683053910032
1,27,"liver_cancer",0.10711078279462,0.117037816926137
2,27,"liver_cancer",0.120666524441849,0.136463322551
1,28,"liver_cancer",0.109678846987782,0.120002214341208
2,28,"liver_cancer",0.123484010791952,0.139793509665152
1,29,"liver_cancer",0.112274695754169,0.122986899891238
2,29,"liver_cancer",0.125932991300568,0.142729084918892
1,30,"liver_cancer",0.114754426028162,0.125843688499988
2,30,"liver_cancer",0.128045845960112,0.145302994532709
1,31,"liver_cancer",0.116961995917197,0.128411363298747
2,31,"liver_cancer",0.129861663909831,0.147555520748737
1,32,"liver_cancer",0.118731808742146,0.13051828261979
2,32,"liver_cancer",0.13142507712222,0.149533115359803
1,33,"liver_cancer",0.119977854020619,0.132071036117927
2,33,"liver_cancer",0.132665209447871,0.151199038945316
1,34,"liver_cancer",0.120783416057742,0.133152052193787
2,34,"liver_cancer",0.133533174591664,0.152499683040326
1,35,"liver_cancer",0.121237977219643,0.133854659123828
2,35,"liver_cancer",0.134114285329953,0.153463127933272
1,36,"liver_cancer",0.121436195281823,0.134278280973059
2,36,"liver_cancer",0.134497763409798,0.154120808521561
1,37,"liver_cancer",0.12147549024485,0.134525931854584
2,37,"liver_cancer",0.134775099314047,0.154506791069564
1,38,"liver_cancer",0.121183897987657,0.134402827647513
2,38,"liver_cancer",0.1348111653186,0.154696844412573
1,39,"liver_cancer",0.120498496892479,0.133839845657319
2,39,"liver_cancer",0.134543707308578,0.154787214915812
1,40,"liver_cancer",0.11968004117383,0.133129949240039
2,40,"liver_cancer",0.134175029668786,0.154844524326712
1,41,"liver_cancer",0.118983887297427,0.132561715852993
2,41,"liver_cancer",0.133906065159442,0.154935571778413
1,42,"liver_cancer",0.118659860900825,0.13241926462131
2,42,"liver_cancer",0.133936360183655,0.155127335363515
1,43,"liver_cancer",0.118765259081464,0.132766697240804
2,43,"liver_cancer",0.13431140673737,0.155637512090086
1,44,"liver_cancer",0.119132325834473,0.133415491741266
2,44,"liver_cancer",0.13489954758574,0.156548689975967
1,45,"liver_cancer",0.119672252526287,0.134270674139351
2,45,"liver_cancer",0.13563494016412,0.157725388650544
1,46,"liver_cancer",0.120295667276736,0.135236071099855
2,46,"liver_cancer",0.136450917484228,0.159029826587658
1,47,"liver_cancer",0.120911667498825,0.13621315656642
2,47,"liver_cancer",0.137279419736026,0.160320173871185
1,48,"liver_cancer",0.121494696079881,0.137176146618414
2,48,"liver_cancer",0.138102374476286,0.161575182900229
1,49,"liver_cancer",0.122106267817996,0.138192791938092
2,49,"liver_cancer",0.138966480508018,0.162891902276659
1,50,"liver_cancer",0.122785295026884,0.13930368140269
2,50,"liver_cancer",0.139900159914407,0.164303294241418
1,51,"liver_cancer",0.123571624010778,0.140550814755397
2,51,"liver_cancer",0.14093265708272,0.165843541458468
1,52,"liver_cancer",0.124506314760809,0.141977940696836
2,52,"liver_cancer",0.142094210483611,0.16754827111242
1,53,"liver_cancer",0.125694556254268,0.143702184376785
2,53,"liver_cancer",0.143468071871826,0.169506787745021
1,54,"liver_cancer",0.127116873788395,0.145706441484688
2,54,"liver_cancer",0.145041043907561,0.171705526171061
1,55,"liver_cancer",0.128624359616854,0.147828996251259
2,55,"liver_cancer",0.146696285613841,0.174022938454223
1,56,"liver_cancer",0.130061326191967,0.149898955997012
2,56,"liver_cancer",0.148311774945586,0.176331043926444
1,57,"liver_cancer",0.131265230148698,0.151735884734806
2,57,"liver_cancer",0.149760137526009,0.178495029064994
1,58,"liver_cancer",0.132113836754735,0.153192021458557
2,58,"liver_cancer",0.150913641207486,0.180360067483134
1,59,"liver_cancer",0.132707729380198,0.154376221014597
2,59,"liver_cancer",0.151850160752103,0.18200705742804
1,60,"liver_cancer",0.133217933660734,0.155492668944212
2,60,"liver_cancer",0.152751373699952,0.183656739009369
1,61,"liver_cancer",0.133818752747709,0.156752156818898
2,61,"liver_cancer",0.153803678702297,0.185538284045352
1,62,"liver_cancer",0.134687819306081,0.158372607775752
2,62,"liver_cancer",0.155198911635558,0.18789077354872
1,63,"liver_cancer",0.135850640083548,0.16039343296665
2,63,"liver_cancer",0.15715271473642,0.190989683861948
1,64,"liver_cancer",0.13719477798992,0.162682377040239
2,64,"liver_cancer",0.159556300773815,0.19471022193961
1,65,"liver_cancer",0.13869428013632,0.165206181324539
2,65,"liver_cancer",0.162109515377759,0.198683157340119
1,66,"liver_cancer",0.140322447262705,0.167930034700445
2,66,"liver_cancer",0.164493656999981,0.202509725853149
1,67,"liver_cancer",0.142051535461483,0.170817046851599
2,67,"liver_cancer",0.166371727675547,0.205760649884809
1,68,"liver_cancer",0.144005303795756,0.17403262371101
2,68,"liver_cancer",0.167420910455958,0.208045327247483
1,69,"liver_cancer",0.146214276942509,0.177624876621694
2,69,"liver_cancer",0.167845844179553,0.209613910168838
1,70,"liver_cancer",0.148502726196447,0.181366367263258
2,70,"liver_cancer",0.168099757413235,0.210997505843272
1,71,"liver_cancer",0.1506839647081,0.185010229796125
2,71,"liver_cancer",0.168641346642273,0.212744445686407
1,72,"liver_cancer",0.152560545043823,0.188289860756337
2,72,"liver_cancer",0.1699363935192,0.215422679593388
1,73,"liver_cancer",0.154649248211543,0.191829467649829
2,73,"liver_cancer",0.172666074595921,0.219904689290649
1,74,"liver_cancer",0.157089578201107,0.195819881979639
2,74,"liver_cancer",0.176577757618357,0.225909779681531
1,75,"liver_cancer",0.15907766279952,0.19927546657073
2,75,"liver_cancer",0.180702415810396,0.232223766673243
1,76,"liver_cancer",0.159772336336365,0.201144880591957
2,76,"liver_cancer",0.183984618549474,0.237499667585049
1,77,"liver_cancer",0.15834079277998,0.200366329867093
2,77,"liver_cancer",0.185301650814073,0.240280026854025
1,78,"liver_cancer",0.153187721813093,0.194862496443085
2,78,"liver_cancer",0.183343385207684,0.238789098517503
1,79,"liver_cancer",0.145171986849977,0.185645545347404
2,79,"liver_cancer",0.178900811699077,0.233997419211959
1,80,"liver_cancer",0.136948664739568,0.17607708161942
2,80,"liver_cancer",0.17394362873096,0.228502857684105
1,81,"liver_cancer",0.130688477751242,0.168963320360316
2,81,"liver_cancer",0.170271488322242,0.224719339631876
1,82,"liver_cancer",0.128206401211873,0.166710372310886
2,82,"liver_cancer",0.169551084371289,0.224927087300196
1,83,"liver_cancer",0.129103562660575,0.168905176914893
2,83,"liver_cancer",0.171468793799733,0.228813840345974
1,84,"liver_cancer",0.132027354084809,0.173844358782838
2,84,"liver_cancer",0.174905500558242,0.234912364560116
1,85,"liver_cancer",0.137417485398969,0.182125681205594
2,85,"liver_cancer",0.180386787278222,0.243911585039738
1,86,"liver_cancer",0.14589072005187,0.194594411512977
2,86,"liver_cancer",0.188554928413387,0.256673987246136
1,87,"liver_cancer",0.158334713543963,0.212468117046717
2,87,"liver_cancer",0.200240531336641,0.274330486113198
1,88,"liver_cancer",0.180468515652697,0.243007562661871
2,88,"liver_cancer",0.220461656146101,0.30315252332332
1,89,"liver_cancer",0.21570826150454,0.290762233727473
2,89,"liver_cancer",0.251235940006487,0.345883565016505
1,90,"liver_cancer",0.259657631982689,0.350679851188315
2,90,"liver_cancer",0.287487543451063,0.396690795538036
1,91,"liver_cancer",0.30229665457776,0.410771840482
2,91,"liver_cancer",0.320454077194214,0.445245574741673
1,92,"liver_cancer",0.326883108823171,0.450266846636854
2,92,"liver_cancer",0.337553811000425,0.476150477521585
1,93,"liver_cancer",0.334185525241703,0.466934254367724
2,93,"liver_cancer",0.341244807061189,0.489049507356482
1,94,"liver_cancer",0.338461670022369,0.476533932632191
2,94,"liver_cancer",0.343421501125741,0.496422505178881
1,95,"liver_cancer",0.340611530230808,0.481332285335489
2,95,"liver_cancer",0.344519686691068,0.500092955574281
1,96,"liver_cancer",0.341616221348263,0.483915970489786
2,96,"liver_cancer",0.344994737216003,0.502066512876816
1,97,"liver_cancer",0.342490242263014,0.487000550357157
2,97,"liver_cancer",0.345310271222807,0.504421537762844
1,98,"liver_cancer",0.343642582674827,0.491277032241237
2,98,"liver_cancer",0.345701609373688,0.507680458198412
1,99,"liver_cancer",0.344798800243594,0.495591067054757
2,99,"liver_cancer",0.346093391025853,0.510960433568416
1,100,"liver_cancer",0.345958908014373,0.499942984560019
2,100,"liver_cancer",0.346485616681919,0.514261599902646
1,0,"lung_cancer",0,0
2,0,"lung_cancer",0,0
1,1,"lung_cancer",0,0
2,1,"lung_cancer",0,0
1,2,"lung_cancer",0,0
2,2,"lung_cancer",0,0
1,3,"lung_cancer",0,0
2,3,"lung_cancer",0,0
1,4,"lung_cancer",0,0
2,4,"lung_cancer",0,0
1,5,"lung_cancer",0,0
2,5,"lung_cancer",0,0
1,6,"lung_cancer",0,0
2,6,"lung_cancer",0,0
1,7,"lung_cancer",0,0
2,7,"lung_cancer",0,0
1,8,"lung_cancer",0,0
2,8,"lung_cancer",0,0
1,9,"lung_cancer",0,0
2,9,"lung_cancer",0,0
1,10,"lung_cancer",0,0
2,10,"lung_cancer",0,0
1,11,"lung_cancer",0,0
2,11,"lung_cancer",0,0
1,12,"lung_cancer",0,0
2,12,"lung_cancer",0,0
1,13,"lung_cancer",0,0
2,13,"lung_cancer",0,0
1,14,"lung_cancer",0,0
2,14,"lung_cancer",0,0
1,15,"lung_cancer",0.170305748020114,0.183170814219137
2,15,"lung_cancer",0.150957160831683,0.173970929728884
1,16,"lung_cancer",0.169705095623533,0.182720784072154
2,16,"lung_cancer",0.150892036484086,0.173423186069161
1,17,"lung_cancer",0.169106561671606,0.182271859598768
2,17,"lung_cancer",0.150826940231749,0.172877166968347
1,18,"lung_cancer",0.168675699229037,0.181944596659919
2,18,"lung_cancer",0.150773491595064,0.172483359018632
1,19,"lung_cancer",0.168334991148458,0.181656784529776
2,19,"lung_cancer",0.15068768433814,0.172167002136223
1,20,"lung_cancer",0.167722522883992,0.181105982041665
2,20,"lung_cancer",0.150486260934821,0.171592479103374
1,21,"lung_cancer",0.166482565623852,0.17999418414907
2,21,"lung_cancer",0.150086593583296,0.170429456512513
1,22,"lung_cancer",0.164275124269584,0.178034613099253
2,22,"lung_cancer",0.149407547639283,0.168361044587097
1,23,"lung_cancer",0.159136118080056,0.172919350678431
2,23,"lung_cancer",0.145871933506219,0.163373539486141
1,24,"lung_cancer",0.150899226030132,0.164269207948928
2,24,"lung_cancer",0.138667871379792,0.155272431324414
1,25,"lung_cancer",0.14178509000406,0.154553544218382
2,25,"lung_cancer",0.13026403950679,0.146331264658647
1,26,"lung_cancer",0.133629829448485,0.145830658009161
2,26,"lung_cancer",0.122731910056031,0.13844192971232
1,27,"lung_cancer",0.127882043178131,0.1397341590372
2,27,"lung_cancer",0.117710276373191,0.133120063634743
1,28,"lung_cancer",0.124311671581406,0.136012332987852
2,28,"lung_cancer",0.115070024252723,0.130268222131563
1,29,"lung_cancer",0.121751531513428,0.1333679269159
2,29,"lung_cancer",0.113529271651834,0.12867104074182
1,30,"lung_cancer",0.120075061238904,0.131678481834394
2,30,"lung_cancer",0.112823823646598,0.128029451541815
1,31,"lung_cancer",0.119179820944475,0.130846290413982
2,31,"lung_cancer",0.112717302143199,0.128075212609942
1,32,"lung_cancer",0.118981609357792,0.130792880873593
2,32,"lung_cancer",0.112986527049946,0.128554061016462
1,33,"lung_cancer",0.119792860733086,0.131867396409925
2,33,"lung_cancer",0.11393000015073,0.129805382576657
1,34,"lung_cancer",0.121679917578715,0.134140358545839
2,34,"lung_cancer",0.115715598188319,0.132026020008539
1,35,"lung_cancer",0.124200564005945,0.137125548769956
2,35,"lung_cancer",0.117921905326867,0.134742711711567
1,36,"lung_cancer",0.126889222707878,0.140307975391353
2,36,"lung_cancer",0.120102557197584,0.137451331147388
1,37,"lung_cancer",0.129241571801568,0.143126344630613
2,37,"lung_cancer",0.121778778213256,0.139607749041675
1,38,"lung_cancer",0.131374638102112,0.14582108278842
2,38,"lung_cancer",0.122827202013439,0.141078722728279
1,39,"lung_cancer",0.133628603589894,0.148778139046674
2,39,"lung_cancer",0.123552106627657,0.142208515940807
1,40,"lung_cancer",0.135794662477174,0.151596989927558
2,40,"lung_cancer",0.124101035519562,0.143149558467751
1,41,"lung_cancer",0.13765060323961,0.153847086055149
2,41,"lung_cancer",0.124625615296003,0.144059856335667
1,42,"lung_cancer",0.13896405030399,0.15507786045218
2,42,"lung_cancer",0.125280330431518,0.145101776744219
1,43,"lung_cancer",0.139544956565701,0.155525725970571
2,43,"lung_cancer",0.126152391957354,0.146401013789406
1,44,"lung_cancer",0.139530337425397,0.155775841068011
2,44,"lung_cancer",0.12714143540802,0.147853479814702
1,45,"lung_cancer",0.139180485420039,0.155898934951799
2,45,"lung_cancer",0.128120230728852,0.149275285520041
1,46,"lung_cancer",0.138757234671835,0.155966423245508
2,46,"lung_cancer",0.12895769291149,0.150475552351566
1,47,"lung_cancer",0.138520131881537,0.156049989235029
2,47,"lung_cancer",0.129519660795269,0.151258029633011
1,48,"lung_cancer",0.138457485169143,0.156228227000707
2,48,"lung_cancer",0.129741270994152,0.151663956112224
1,49,"lung_cancer",0.138396362330988,0.156516135710355
2,49,"lung_cancer",0.129708358833834,0.151900460911369
1,50,"lung_cancer",0.138352858608243,0.156890161893291
2,50,"lung_cancer",0.129512739139193,0.152018991795724
1,51,"lung_cancer",0.138343053493279,0.157326693953042
2,51,"lung_cancer",0.129246580735237,0.152071533031188
1,52,"lung_cancer",0.138383040568281,0.157801948961352
2,52,"lung_cancer",0.129001579423752,0.152110290276141
1,53,"lung_cancer",0.13845949438169,0.15829589111325
2,53,"lung_cancer",0.128685940190347,0.152028982961547
1,54,"lung_cancer",0.138561726628604,0.158824989250728
2,54,"lung_cancer",0.128239667997094,0.151800999570884
1,55,"lung_cancer",0.138709881129925,0.159420366085006
2,55,"lung_cancer",0.127800575327404,0.151597759442232
1,56,"lung_cancer",0.138924222837268,0.160113667726763
2,56,"lung_cancer",0.127504730504838,0.151589914651242
1,57,"lung_cancer",0.139225219444584,0.160937224776817
2,57,"lung_cancer",0.127487257072388,0.151948589474287
1,58,"lung_cancer",0.139742575124006,0.162037891661665
2,58,"lung_cancer",0.127880129365236,0.152832232908325
1,59,"lung_cancer",0.140465134198164,0.163400253346935
2,59,"lung_cancer",0.12859553297201,0.154134144071374
1,60,"lung_cancer",0.141200096921015,0.164809491651059
2,60,"lung_cancer",0.12943806016879,0.155626567922027
1,61,"lung_cancer",0.141750893659673,0.166043681142742
2,61,"lung_cancer",0.130208152547979,0.157074248134396
1,62,"lung_cancer",0.141918386547571,0.166874666801078
2,62,"lung_cancer",0.130701688317795,0.158233334650059
1,63,"lung_cancer",0.141520986967046,0.167088185396205
2,63,"lung_cancer",0.130845098595072,0.159020499684022
1,64,"lung_cancer",0.140693454583415,0.166831026377071
2,64,"lung_cancer",0.130772305384848,0.159592865033595
1,65,"lung_cancer",0.139709804956149,0.166415827298111
2,65,"lung_cancer",0.130588988839144,0.160063921283038
1,66,"lung_cancer",0.138838180813616,0.166153747861365
2,66,"lung_cancer",0.130400781498339,0.160548944679097
1,67,"lung_cancer",0.138340412064441,0.166354418995272
2,67,"lung_cancer",0.130312801981306,0.161164683438729
1,68,"lung_cancer",0.138164576772936,0.166974015303066
2,68,"lung_cancer",0.130312676201936,0.161794559721307
1,69,"lung_cancer",0.138133535633243,0.167808183559399
2,69,"lung_cancer",0.130324556579697,0.162360343358236
1,70,"lung_cancer",0.138319132334411,0.168929144918945
2,70,"lung_cancer",0.130358117208944,0.163039650145701
1,71,"lung_cancer",0.138794429068426,0.170412221805516
2,71,"lung_cancer",0.130423050466241,0.164013256299409
1,72,"lung_cancer",0.139635036967538,0.172337229522688
2,72,"lung_cancer",0.130529086718328,0.165467355422974
1,73,"lung_cancer",0.140911993301015,0.174789551019572
2,73,"lung_cancer",0.131085241860506,0.167472387992556
1,74,"lung_cancer",0.1425877021179,0.177742580508617
2,74,"lung_cancer",0.132349890526542,0.169924031024251
1,75,"lung_cancer",0.144576880330805,0.181110438613691
2,75,"lung_cancer",0.13410907027319,0.172751692941276
1,76,"lung_cancer",0.146791330002026,0.184802483472677
2,76,"lung_cancer",0.136144150966618,0.175881824438233
1,77,"lung_cancer",0.149138183116041,0.188721237713708
2,77,"lung_cancer",0.138225314627425,0.17923630018768
1,78,"lung_cancer",0.151679682705711,0.192944194755978
2,78,"lung_cancer",0.140437938562431,0.182908419133813
1,79,"lung_cancer",0.154495092833951,0.197567908141234
2,79,"lung_cancer",0.142953645944045,0.186979499422916
1,80,"lung_cancer",0.15750916552726,0.202512045276897
2,80,"lung_cancer",0.145656279708535,0.191342887324229
1,81,"lung_cancer",0.160640846021428,0.20768786350802
2,81,"lung_cancer",0.148421095258751,0.195881828734972
1,82,"lung_cancer",0.163802412588106,0.212996862324028
2,82,"lung_cancer",0.151113668293914,0.200467943844974
1,83,"lung_cancer",0.16672653532501,0.218127016521735
2,83,"lung_cancer",0.153480448605885,0.204809575464514
1,84,"lung_cancer",0.169462071616081,0.223135768964855
2,84,"lung_cancer",0.155598019070317,0.208980840877024
1,85,"lung_cancer",0.1724108966576,0.228504050338765
2,85,"lung_cancer",0.157836525440551,0.213420049651372
1,86,"lung_cancer",0.176003936844295,0.234760528305061
2,86,"lung_cancer",0.16058839489395,0.218604010882808
1,87,"lung_cancer",0.180711830578735,0.2424957958475
2,87,"lung_cancer",0.16427623930206,0.225059233931108
1,88,"lung_cancer",0.186481935007187,0.251613985091346
2,88,"lung_cancer",0.168571169726783,0.232318856900661
1,89,"lung_cancer",0.193098494572656,0.261872023446141
2,89,"lung_cancer",0.173236459892154,0.240107972064549
1,90,"lung_cancer",0.200860147559392,0.273754959581465
2,90,"lung_cancer",0.178917057129147,0.249381088960791
1,91,"lung_cancer",0.210117519100834,0.287838081484186
2,91,"lung_cancer",0.186350101003753,0.261249580575592
1,92,"lung_cancer",0.221291726898888,0.304819445753275
2,92,"lung_cancer",0.19641830256876,0.277065953676869
1,93,"lung_cancer",0.235205822046112,0.325934176058633
2,93,"lung_cancer",0.210317826469473,0.298643890205347
1,94,"lung_cancer",0.252110178995897,0.35157129986792
2,94,"lung_cancer",0.22824750041242,0.32636241070575
1,95,"lung_cancer",0.271533734699763,0.381123942239216
2,95,"lung_cancer",0.249615026804272,0.359469049114927
1,96,"lung_cancer",0.292806005537576,0.413677000068446
2,96,"lung_cancer",0.27350741828475,0.396713145324264
1,97,"lung_cancer",0.314985540212571,0.447890516309271
2,97,"lung_cancer",0.298538343356449,0.436098149365114
1,98,"lung_cancer",0.33803035798387,0.483724078850253
2,98,"lung_cancer",0.324611387880734,0.47751218691616
1,99,"lung_cancer",0.362761169422541,0.522424512105443
2,99,"lung_cancer",0.352961539067844,0.52285910633973
1,100,"lung_cancer",0.389301324371254,0.564221180589814
2,100,"lung_cancer",0.383787669540767,0.572512393553592
1,0,"myeloid_leukemia",0.0944903193063942,0.0962294550391616
2,0,"myeloid_leukemia",0.091981618524531,0.0933368995599967
1,1,"myeloid_leukemia",0.0939235500643301,0.0959709341017116
2,1,"myeloid_leukemia",0.0916291745522293,0.0932703335996828
1,2,"myeloid_leukemia",0.0933601804019913,0.0957131076821208
2,2,"myeloid_leukemia",0.0912780810318505,0.093203815112845
1,3,"myeloid_leukemia",0.0927400293553623,0.0953927972475427
2,3,"myeloid_leukemia",0.0909192088492113,0.0931064505837529
1,4,"myeloid_leukemia",0.0920642754918619,0.0950106351846236
2,4,"myeloid_leukemia",0.0905526604655769,0.0929783367929727
1,5,"myeloid_leukemia",0.091423084250592,0.094661334693075
2,5,"myeloid_leukemia",0.0901921149989064,0.0928658022692019
1,6,"myeloid_leukemia",0.0909041833049066,0.0944382832506514
2,6,"myeloid_leukemia",0.0898510358622586,0.0928149668374713
1,7,"myeloid_leukemia",0.0905936163573564,0.0944343282233045
2,7,"myeloid_leukemia",0.0895426897937459,0.0928719335966437
1,8,"myeloid_leukemia",0.0905428089658094,0.0947090202120667
2,8,"myeloid_leukemia",0.0892381424445198,0.0929694491648622
1,9,"myeloid_leukemia",0.0906924920336332,0.0952017431036671
2,9,"myeloid_leukemia",0.0889284380586739,0.0930767575604672
1,10,"myeloid_leukemia",0.090962908910758,0.0958253990477437
2,10,"myeloid_leukemia",0.0886562493617353,0.0932953330355386
1,11,"myeloid_leukemia",0.0912741098973284,0.0964914037283041
2,11,"myeloid_leukemia",0.0884637572708899,0.0937278697853924
1,12,"myeloid_leukemia",0.0915452389463385,0.0971088779296778
2,12,"myeloid_leukemia",0.0883929308185654,0.0944800676577179
1,13,"myeloid_leukemia",0.0918053783573869,0.0977469835345664
2,13,"myeloid_leukemia",0.0884819054272973,0.0957949939939673
1,14,"myeloid_leukemia",0.0921089024496602,0.098468017424571
2,14,"myeloid_leukemia",0.0887027298304975,0.0976251299038265
1,15,"myeloid_leukemia",0.092411758868878,0.0991668997793296
2,15,"myeloid_leukemia",0.0889983819808972,0.0996308427413084
1,16,"myeloid_leukemia",0.0926693330353532,0.0997356223275193
2,16,"myeloid_leukemia",0.0893113930611668,0.101446374167077
1,17,"myeloid_leukemia",0.0928365593487405,0.100064078791376
2,17,"myeloid_leukemia",0.089583548773091,0.102680264514195
1,18,"myeloid_leukemia",0.092886700685566,0.100196715645775
2,18,"myeloid_leukemia",0.089844635268049,0.10316780415651
1,19,"myeloid_leukemia",0.0928493472915925,0.100268111414968
2,19,"myeloid_leukemia",0.0901336957298077,0.103151774252502
1,20,"myeloid_leukemia",0.0927639078234506,0.100303018334375
2,20,"myeloid_leukemia",0.0904054447133076,0.102845660717605
1,21,"myeloid_leukemia",0.0926697782993416,0.10032628736001
2,21,"myeloid_leukemia",0.090614064780246,0.102464504730455
1,22,"myeloid_leukemia",0.0926062216618789,0.10036280853515
2,22,"myeloid_leukemia",0.0907134101744867,0.102221104196873
1,23,"myeloid_leukemia",0.0925655765120756,0.100438880462347
2,23,"myeloid_leukemia",0.0906321006230722,0.102064152256529
1,24,"myeloid_leukemia",0.0925216698151246,0.100557002571646
2,24,"myeloid_leukemia",0.0904009742414654,0.101852214123484
1,25,"myeloid_leukemia",0.0924858931459847,0.100706392261757
2,25,"myeloid_leukemia",0.0901270102613257,0.1016607841152
1,26,"myeloid_leukemia",0.0924696220006777,0.100876239190433
2,26,"myeloid_leukemia",0.0899161874087826,0.101564827894886
1,27,"myeloid_leukemia",0.0924842327989656,0.101055677350752
2,27,"myeloid_leukemia",0.0898736013392747,0.10163921025414
1,28,"myeloid_leukemia",0.0925731948693743,0.101286516753797
2,28,"myeloid_leukemia",0.0900786983085351,0.101976096353353
1,29,"myeloid_leukemia",0.0927291107907997,0.101576457537701
2,29,"myeloid_leukemia",0.0904622885722209,0.102527538925565
1,30,"myeloid_leukemia",0.092886877250702,0.101862975146643
2,30,"myeloid_leukemia",0.0909058893060824,0.10315756702445
1,31,"myeloid_leukemia",0.0929809951904052,0.102082871103934
2,31,"myeloid_leukemia",0.0912890983396927,0.103727382189936
1,32,"myeloid_leukemia",0.0929457879427013,0.102172490653875
2,32,"myeloid_leukemia",0.0914896007785898,0.104095240626906
1,33,"myeloid_leukemia",0.0926838502926362,0.10202593003075
2,33,"myeloid_leukemia",0.0914539542739481,0.10419745024991
1,34,"myeloid_leukemia",0.0922403963666238,0.101686129373198
2,34,"myeloid_leukemia",0.0912631677227847,0.10412695432989
1,35,"myeloid_leukemia",0.0917627228940551,0.101312049862112
2,35,"myeloid_leukemia",0.0909961146909447,0.103976129071934
1,36,"myeloid_leukemia",0.091395488762228,0.101060718274344
2,36,"myeloid_leukemia",0.0907311434476484,0.103837226570349
1,37,"myeloid_leukemia",0.0912813095052607,0.101087908329083
2,37,"myeloid_leukemia",0.090545757785701,0.10380207138881
1,38,"myeloid_leukemia",0.0915292084933096,0.101554179419255
2,38,"myeloid_leukemia",0.0904419290243712,0.103880994445232
1,39,"myeloid_leukemia",0.0920452601022739,0.102359709995409
2,39,"myeloid_leukemia",0.0903677636663479,0.104012838533544
1,40,"myeloid_leukemia",0.092666736066562,0.103267492729401
2,40,"myeloid_leukemia",0.0903195088372392,0.104182103264049
1,41,"myeloid_leukemia",0.0932274607392636,0.104033268955611
2,41,"myeloid_leukemia",0.0902934440823731,0.104373240198669
1,42,"myeloid_leukemia",0.0935574192110193,0.104406027090705
2,42,"myeloid_leukemia",0.0902858715120682,0.10457060838024
1,43,"myeloid_leukemia",0.0935862371727887,0.104475393768158
2,43,"myeloid_leukemia",0.090288338556678,0.104698069715264
1,44,"myeloid_leukemia",0.0934258853158901,0.10451059273726
2,44,"myeloid_leukemia",0.0903036516568025,0.104765893032672
1,45,"myeloid_leukemia",0.0931786604287817,0.104528234138623
2,45,"myeloid_leukemia",0.0903450250185654,0.104888324062543
1,46,"myeloid_leukemia",0.0929463262879078,0.104544956436104
2,46,"myeloid_leukemia",0.0904257139259439,0.105180234178043
1,47,"myeloid_leukemia",0.0928297203566714,0.104577411713251
2,47,"myeloid_leukemia",0.09055906264492,0.105758348168739
1,48,"myeloid_leukemia",0.0928161607798768,0.1046763697722
2,48,"myeloid_leukemia",0.0910408459811653,0.106759999752814
1,49,"myeloid_leukemia",0.0928308780490997,0.104883375013399
2,49,"myeloid_leukemia",0.0919998131439057,0.108118496263775
1,50,"myeloid_leukemia",0.0928812222362836,0.105201521931419
2,50,"myeloid_leukemia",0.0931970269808319,0.10964256709127
1,51,"myeloid_leukemia",0.0929745953019659,0.105634283052333
2,51,"myeloid_leukemia",0.0943843049838607,0.111131300741745
1,52,"myeloid_leukemia",0.0931184823185356,0.106185540755896
2,52,"myeloid_leukemia",0.0953011792350188,0.112372965523771
1,53,"myeloid_leukemia",0.0934193632819073,0.106894927815478
2,53,"myeloid_leukemia",0.095885282804408,0.113287967616368
1,54,"myeloid_leukemia",0.0939242588692734,0.107763895366158
2,54,"myeloid_leukemia",0.0963049729727911,0.114009770004977
1,55,"myeloid_leukemia",0.0945512268923183,0.108738551170511
2,55,"myeloid_leukemia",0.0966400015369919,0.114642146318265
1,56,"myeloid_leukemia",0.0952168338062482,0.109763384486498
2,56,"myeloid_leukemia",0.096971691240067,0.115291719446735
1,57,"myeloid_leukemia",0.0958354390714957,0.110780860399888
2,57,"myeloid_leukemia",0.0973825656303217,0.11606762767288
1,58,"myeloid_leukemia",0.0962806156286347,0.111641766659208
2,58,"myeloid_leukemia",0.0978045365351666,0.116888259195778
1,59,"myeloid_leukemia",0.0966079342265793,0.112382058494864
2,59,"myeloid_leukemia",0.0981821978135029,0.117680829755763
1,60,"myeloid_leukemia",0.097005468489531,0.113225290192793
2,60,"myeloid_leukemia",0.0986194203980869,0.118572558233644
1,61,"myeloid_leukemia",0.0976646488724882,0.114402085218845
2,61,"myeloid_leukemia",0.0992220215674647,0.119694689857008
1,62,"myeloid_leukemia",0.0987835413824835,0.116154579788059
2,62,"myeloid_leukemia",0.100098970047884,0.121184309319718
1,63,"myeloid_leukemia",0.100475541243407,0.118627464539742
2,63,"myeloid_leukemia",0.101256689266597,0.12305853643299
1,64,"myeloid_leukemia",0.102635870159945,0.121703227862214
2,64,"myeloid_leukemia",0.102632228553561,0.12524446795836
1,65,"myeloid_leukemia",0.105139818387694,0.125237665777667
2,65,"myeloid_leukemia",0.104235275786938,0.127751869785728
1,66,"myeloid_leukemia",0.107852621042413,0.129071967796275
2,66,"myeloid_leukemia",0.106077092690419,0.130592530750521
1,67,"myeloid_leukemia",0.110625641111424,0.133027392201911
2,67,"myeloid_leukemia",0.108170647170476,0.133780318153953
1,68,"myeloid_leukemia",0.113488180013064,0.137152210420481
2,68,"myeloid_leukemia",0.110554444852169,0.137380304498964
1,69,"myeloid_leukemia",0.116556832718422,0.141596248081613
2,69,"myeloid_leukemia",0.113244889668104,0.14142562924928
1,70,"myeloid_leukemia",0.119799482272482,0.146311097824808
2,70,"myeloid_leukemia",0.116222335679162,0.145881370258611
1,71,"myeloid_leukemia",0.123179961649965,0.151240731256872
2,71,"myeloid_leukemia",0.119465394813015,0.150707994831866
1,72,"myeloid_leukemia",0.126657505292952,0.156320390888119
2,72,"myeloid_leukemia",0.12295017191902,0.155859818740184
1,73,"myeloid_leukemia",0.130180929584356,0.161478563323936
2,73,"myeloid_leukemia",0.126835786121433,0.161535983274318
1,74,"myeloid_leukemia",0.133781942990802,0.166765768852774
2,74,"myeloid_leukemia",0.131183177376046,0.167832931500908
1,75,"myeloid_leukemia",0.137547143130913,0.172304336388367
2,75,"myeloid_leukemia",0.135800520011646,0.17451957203704
1,76,"myeloid_leukemia",0.141572808218506,0.178232641877554
2,76,"myeloid_leukemia",0.140467203792379,0.181324474134344
1,77,"myeloid_leukemia",0.145966289549679,0.184707485720537
2,77,"myeloid_leukemia",0.144931213647232,0.187931816873478
1,78,"myeloid_leukemia",0.151354566899917,0.192219528516487
2,78,"myeloid_leukemia",0.149561317148577,0.194731119218675
1,79,"myeloid_leukemia",0.157771502772623,0.20078131486175
2,79,"myeloid_leukemia",0.154539017545056,0.201946992197441
1,80,"myeloid_leukemia",0.164347454073443,0.209772010118672
2,80,"myeloid_leukemia",0.159251384505031,0.208913764624845
1,81,"myeloid_leukemia",0.170063103425303,0.218451951800569
2,81,"myeloid_leukemia",0.163011851776843,0.214874566227125
1,82,"myeloid_leukemia",0.173772574349692,0.22596134275217
2,82,"myeloid_leukemia",0.165086184488271,0.219003934820823
1,83,"myeloid_leukemia",0.175411933706423,0.230048480955857
2,83,"myeloid_leukemia",0.165787667732239,0.22108767652016
1,84,"myeloid_leukemia",0.17632967639175,0.231058070546673
2,84,"myeloid_leukemia",0.16624556613255,0.222330498870049
1,85,"myeloid_leukemia",0.177476010272107,0.232104573416679
2,85,"myeloid_leukemia",0.16695024226671,0.224044975749783
1,86,"myeloid_leukemia",0.179829722856986,0.23640206718938
2,86,"myeloid_leukemia",0.168401495888614,0.22758980648935
1,87,"myeloid_leukemia",0.184438025116665,0.24749594723252
2,87,"myeloid_leukemia",0.171123447524127,0.234439941960293
1,88,"myeloid_leukemia",0.196235983179326,0.269086483120591
2,88,"myeloid_leukemia",0.180730163831315,0.250958599768525
1,89,"myeloid_leukemia",0.218000491617887,0.301064688233403
2,89,"myeloid_leukemia",0.200943621551572,0.28087983930316
1,90,"myeloid_leukemia",0.247431897990443,0.341338539509136
2,90,"myeloid_leukemia",0.229478039266728,0.321666334558599
1,91,"myeloid_leukemia",0.280764391726243,0.386172924378181
2,91,"myeloid_leukemia",0.262622673967778,0.368872057332191
1,92,"myeloid_leukemia",0.311662991897138,0.429301817032232
2,92,"myeloid_leukemia",0.29386532986096,0.414523885023352
1,93,"myeloid_leukemia",0.337429510126286,0.467589655749753
2,93,"myeloid_leukemia",0.320724877985567,0.455418006429178
1,94,"myeloid_leukemia",0.361512244012875,0.504134065716734
2,94,"myeloid_leukemia",0.34707063525981,0.496263087235999
1,95,"myeloid_leukemia",0.384997987776195,0.54038203031263
2,95,"myeloid_leukemia",0.373757000262726,0.538245133734835
1,96,"myeloid_leukemia",0.409395234600643,0.578394531836807
2,96,"myeloid_leukemia",0.402005838875674,0.583095704603709
1,97,"myeloid_leukemia",0.436645870272281,0.620884197251026
2,97,"myeloid_leukemia",0.433443270982772,0.633164256909733
1,98,"myeloid_leukemia",0.467108942153346,0.668436539586262
2,98,"myeloid_leukemia",0.468477834865789,0.689143646219527
1,99,"myeloid_leukemia",0.499697303225517,0.719630825574725
2,99,"myeloid_leukemia",0.50634418954738,0.750072291576704
1,100,"myeloid_leukemia",0.534559226590189,0.774745984769029
2,100,"myeloid_leukemia",0.547271224393879,0.81638776716213
1,0,"parkinson’s_disease",0,0
2,0,"parkinson’s_disease",0,0
1,1,"parkinson’s_disease",0,0
2,1,"parkinson’s_disease",0,0
1,2,"parkinson’s_disease",0,0
2,2,"parkinson’s_disease",0,0
1,3,"parkinson’s_disease",0,0
2,3,"parkinson’s_disease",0,0
1,4,"parkinson’s_disease",0,0
2,4,"parkinson’s_disease",0,0
1,5,"parkinson’s_disease",0,0
2,5,"parkinson’s_disease",0,0
1,6,"parkinson’s_disease",0,0
2,6,"parkinson’s_disease",0,0
1,7,"parkinson’s_disease",0,0
2,7,"parkinson’s_disease",0,0
1,8,"parkinson’s_disease",0,0
2,8,"parkinson’s_disease",0,0
1,9,"parkinson’s_disease",0,0
2,9,"parkinson’s_disease",0,0
1,10,"parkinson’s_disease",0,0
2,10,"parkinson’s_disease",0,0
1,11,"parkinson’s_disease",0,0
2,11,"parkinson’s_disease",0,0
1,12,"parkinson’s_disease",0,0
2,12,"parkinson’s_disease",0,0
1,13,"parkinson’s_disease",0,0
2,13,"parkinson’s_disease",0,0
1,14,"parkinson’s_disease",0,0
2,14,"parkinson’s_disease",0,0
1,15,"parkinson’s_disease",0,0
2,15,"parkinson’s_disease",0,0
1,16,"parkinson’s_disease",0,0
2,16,"parkinson’s_disease",0,0
1,17,"parkinson’s_disease",0,0
2,17,"parkinson’s_disease",0,0
1,18,"parkinson’s_disease",0,0
2,18,"parkinson’s_disease",0,0
1,19,"parkinson’s_disease",0,0
2,19,"parkinson’s_disease",0,0
1,20,"parkinson’s_disease",0.169034325533498,0.182593563865188
2,20,"parkinson’s_disease",0.169251414885053,0.190448412576012
1,21,"parkinson’s_disease",0.16903421610146,0.182892638101842
2,21,"parkinson’s_disease",0.169259751600244,0.190594674182698
1,22,"parkinson’s_disease",0.169034106669492,0.18319220219913
2,22,"parkinson’s_disease",0.169268088726072,0.190741048116167
1,23,"parkinson’s_disease",0.169034015511427,0.183499831509531
2,23,"parkinson’s_disease",0.169279342814117,0.190883298961955
1,24,"parkinson’s_disease",0.169033862025298,0.183815564995888
2,24,"parkinson’s_disease",0.169293514446135,0.191021417330138
1,25,"parkinson’s_disease",0.169033497897931,0.184128041381191
2,25,"parkinson’s_disease",0.169306228738327,0.191161756441719
1,26,"parkinson’s_disease",0.169032774817977,0.184425822469642
2,26,"parkinson’s_disease",0.169313109567936,0.191310688342808
1,27,"parkinson’s_disease",0.169031544478412,0.184697398723523
2,27,"parkinson’s_disease",0.169309780515469,0.19147460570687
1,28,"parkinson’s_disease",0.169025268210942,0.184936327391652
2,28,"parkinson’s_disease",0.169295976631277,0.191656220053863
1,29,"parkinson’s_disease",0.16901178683594,0.185150123480203
2,29,"parkinson’s_disease",0.169274616947522,0.191851324481378
1,30,"parkinson’s_disease",0.168994521192122,0.185348208335791
2,30,"parkinson’s_disease",0.169246102534112,0.192055941579371
1,31,"parkinson’s_disease",0.168976891197458,0.185540050049526
2,31,"parkinson’s_disease",0.169210835134429,0.192266078709155
1,32,"parkinson’s_disease",0.168962315429416,0.185735157839659
2,32,"parkinson’s_disease",0.169169217001001,0.192477726435828
1,33,"parkinson’s_disease",0.168951619081805,0.186067961095613
2,33,"parkinson’s_disease",0.169112594742379,0.192686719633168
1,34,"parkinson’s_disease",0.168929396923289,0.186532818935152
2,34,"parkinson’s_disease",0.169040718280706,0.192895739649088
1,35,"parkinson’s_disease",0.168874732305112,0.18692797349782
2,35,"parkinson’s_disease",0.168966582162218,0.193111054093365
1,36,"parkinson’s_disease",0.168766748903861,0.187050100581531
2,36,"parkinson’s_disease",0.168903159595354,0.193338958942569
1,37,"parkinson’s_disease",0.168584663761662,0.186696171739803
2,37,"parkinson’s_disease",0.168863405693782,0.193585781614074
1,38,"parkinson’s_disease",0.167648786860189,0.185597760763019
2,38,"parkinson’s_disease",0.168844563131302,0.194003261315129
1,39,"parkinson’s_disease",0.165740241580409,0.183900860549138
2,39,"parkinson’s_disease",0.168817351852877,0.194588289882629
1,40,"parkinson’s_disease",0.163521425145401,0.182020142077572
2,40,"parkinson’s_disease",0.168754952267942,0.195113350237445
1,41,"parkinson’s_disease",0.161627198479542,0.180356061572364
2,41,"parkinson’s_disease",0.168630599527268,0.195348645021126
1,42,"parkinson’s_disease",0.160664991390061,0.179295170656257
2,42,"parkinson’s_disease",0.168417660596842,0.195064154951802
1,43,"parkinson’s_disease",0.160449658766262,0.179069928312381
2,43,"parkinson’s_disease",0.167576120520003,0.193903306035536
1,44,"parkinson’s_disease",0.160347315615866,0.1794150956574
2,44,"parkinson’s_disease",0.165903735943235,0.192031859527176
1,45,"parkinson’s_disease",0.160284031925568,0.179967075536718
2,45,"parkinson’s_disease",0.163876742591274,0.189996741714133
1,46,"parkinson’s_disease",0.160186092506215,0.180360071530617
2,46,"parkinson’s_disease",0.161954564848242,0.188325128832143
1,47,"parkinson’s_disease",0.159979986726392,0.180225609572936
2,47,"parkinson’s_disease",0.160576271207999,0.187527130935978
1,48,"parkinson’s_disease",0.159184191722526,0.179257540640374
2,48,"parkinson’s_disease",0.159940100107628,0.187388968579392
1,49,"parkinson’s_disease",0.157649563166686,0.177710404302421
2,49,"parkinson’s_disease",0.15974334851576,0.187323265378287
1,50,"parkinson’s_disease",0.155797851890394,0.176051072132662
2,50,"parkinson’s_disease",0.159666702950909,0.187275815192809
1,51,"parkinson’s_disease",0.154036386273293,0.174731336663671
2,51,"parkinson’s_disease",0.159392841157004,0.187192498278736
1,52,"parkinson’s_disease",0.152755073470317,0.174190769391691
2,52,"parkinson’s_disease",0.158607191548025,0.187019306693942
1,53,"parkinson’s_disease",0.152032377101441,0.174186690495843
2,53,"parkinson’s_disease",0.157096249242686,0.185984529448326
1,54,"parkinson’s_disease",0.151600201987242,0.174184253664501
2,54,"parkinson’s_disease",0.155086198211993,0.183849671755891
1,55,"parkinson’s_disease",0.151321362655504,0.174183014450499
2,55,"parkinson’s_disease",0.152918832077864,0.181351979704552
1,56,"parkinson’s_disease",0.151060526744105,0.174182528451265
2,56,"parkinson’s_disease",0.150919507866606,0.179197888866093
1,57,"parkinson’s_disease",0.15068344886964,0.174182351283933
2,57,"parkinson’s_disease",0.149397204078735,0.178062458574008
1,58,"parkinson’s_disease",0.150162972192765,0.174133574771743
2,58,"parkinson’s_disease",0.148430203316,0.17773407430621
1,59,"parkinson’s_disease",0.149589310694446,0.174028566778579
2,59,"parkinson’s_disease",0.147799881838792,0.177535728525172
1,60,"parkinson’s_disease",0.149004799065291,0.173928737603503
2,60,"parkinson’s_disease",0.147364481862212,0.177434144206321
1,61,"parkinson’s_disease",0.148451137590072,0.173895375201053
2,61,"parkinson’s_disease",0.146985137886421,0.177396319767226
1,62,"parkinson’s_disease",0.147969419844229,0.173989771402718
2,62,"parkinson’s_disease",0.146524697325833,0.177389380082709
1,63,"parkinson’s_disease",0.147608260154313,0.174289931117551
2,63,"parkinson’s_disease",0.145992005439446,0.177428007569309
1,64,"parkinson’s_disease",0.147339279432871,0.17475584051628
2,64,"parkinson’s_disease",0.145478290715191,0.177532838391468
1,65,"parkinson’s_disease",0.14708825277333,0.175271407875963
2,65,"parkinson’s_disease",0.144971335341488,0.177679978907936
1,66,"parkinson’s_disease",0.146781520075357,0.175719347077038
2,66,"parkinson’s_disease",0.144459092816296,0.177845500852164
1,67,"parkinson’s_disease",0.146346080085641,0.175981239043454
2,67,"parkinson’s_disease",0.143929687314116,0.178005400396059
1,68,"parkinson’s_disease",0.145748166941705,0.176082484404491
2,68,"parkinson’s_disease",0.143382500901465,0.178174035969389
1,69,"parkinson’s_disease",0.145038227725747,0.176138662267142
2,69,"parkinson’s_disease",0.142825652724982,0.17836749957344
1,70,"parkinson’s_disease",0.14426975172097,0.176166246211391
2,70,"parkinson’s_disease",0.142260492242591,0.178564261514274
1,71,"parkinson’s_disease",0.143495255875276,0.176181740993368
2,71,"parkinson’s_disease",0.141688351054776,0.1787427004441
1,72,"parkinson’s_disease",0.142766167603178,0.17620166348381
2,72,"parkinson’s_disease",0.141110542213584,0.178881112473954
1,73,"parkinson’s_disease",0.142092525436502,0.176244710211058
2,73,"parkinson’s_disease",0.140535756304773,0.178984041287504
1,74,"parkinson’s_disease",0.141439694688752,0.176307842935904
2,74,"parkinson’s_disease",0.13996317500073,0.179065871344236
1,75,"parkinson’s_disease",0.140791528226766,0.176374970345259
2,75,"parkinson’s_disease",0.139379992048618,0.179119612802401
1,76,"parkinson’s_disease",0.140132174694733,0.176429979069165
2,76,"parkinson’s_disease",0.138773616918743,0.179138278773633
1,77,"parkinson’s_disease",0.139446082128722,0.176456737394901
2,77,"parkinson’s_disease",0.138131690130957,0.179114897618265
1,78,"parkinson’s_disease",0.138724932077284,0.176461877750358
2,78,"parkinson’s_disease",0.137457454637415,0.179026593406672
1,79,"parkinson’s_disease",0.137979684310655,0.176465025173758
2,79,"parkinson’s_disease",0.136759784507565,0.178878096319555
1,80,"parkinson’s_disease",0.137223738225247,0.176469532967715
2,80,"parkinson’s_disease",0.136035026104774,0.178703827423028
1,81,"parkinson’s_disease",0.136470212943008,0.176478754820971
2,81,"parkinson’s_disease",0.135279626361337,0.178538101716913
1,82,"parkinson’s_disease",0.135731943329955,0.176496045385613
2,82,"parkinson’s_disease",0.134490140776089,0.178415111572601
1,83,"parkinson’s_disease",0.135009107615707,0.176587367421977
2,83,"parkinson’s_disease",0.133647194770255,0.178343401205497
1,84,"parkinson’s_disease",0.134293038620368,0.176778113012082
2,84,"parkinson’s_disease",0.132754484555451,0.178300109335303
1,85,"parkinson’s_disease",0.133583103386717,0.177010730533434
2,85,"parkinson’s_disease",0.131842701295237,0.178272271123952
1,86,"parkinson’s_disease",0.132878681672432,0.177227440128345
2,86,"parkinson’s_disease",0.130941739794935,0.178246937022124
1,87,"parkinson’s_disease",0.132179165697093,0.177370191412067
2,87,"parkinson’s_disease",0.13008068889855,0.178211166247287
1,88,"parkinson’s_disease",0.13147700160396,0.17739762470911
2,88,"parkinson’s_disease",0.129269153335225,0.178154200294336
1,89,"parkinson’s_disease",0.130772640314209,0.17734833203265
2,89,"parkinson’s_disease",0.128487026658721,0.178084679326945
1,90,"parkinson’s_disease",0.130077309650597,0.177284090839053
2,90,"parkinson’s_disease",0.127718550389592,0.178018751748524
1,91,"parkinson’s_disease",0.129402000016031,0.177266624811786
2,91,"parkinson’s_disease",0.126948343065757,0.177972543089887
1,92,"parkinson’s_disease",0.12875747672901,0.177357659245254
2,92,"parkinson’s_disease",0.126161393035749,0.177962166567524
1,93,"parkinson’s_disease",0.128151245590007,0.177584339872665
2,93,"parkinson’s_disease",0.125353570751327,0.177997645985283
1,94,"parkinson’s_disease",0.127575502641115,0.177905888106049
2,94,"parkinson’s_disease",0.124535275644113,0.178068249175473
1,95,"parkinson’s_disease",0.127018068833627,0.178282183548983
2,95,"parkinson’s_disease",0.123713441303583,0.178158958126367
1,96,"parkinson’s_disease",0.126466984456858,0.178672847374717
2,96,"parkinson’s_disease",0.122894824925906,0.17825473563453
1,97,"parkinson’s_disease",0.125910497600814,0.179037163868309
2,97,"parkinson’s_disease",0.122086007202294,0.178340514674617
1,98,"parkinson’s_disease",0.125348700771233,0.179374968500711
2,98,"parkinson’s_disease",0.12128686577382,0.178416280765672
1,99,"parkinson’s_disease",0.12478941060856,0.179713410497821
2,99,"parkinson’s_disease",0.120492955305366,0.178492079045153
1,100,"parkinson’s_disease",0.124232615928362,0.180052491062209
2,100,"parkinson’s_disease",0.119704241556506,0.178567909526736
1,0,"stroke",0.121097921834217,0.123381495229805
2,0,"stroke",0.144091380502864,0.146290351373723
1,1,"stroke",0.120793440939998,0.123453921504097
2,1,"stroke",0.143722470892575,0.146334628610491
1,2,"stroke",0.120489725613127,0.123526390293398
2,2,"stroke",0.143354505782229,0.14637891924851
1,3,"stroke",0.120141594470064,0.123578214235278
2,3,"stroke",0.142944781288606,0.146411205332759
1,4,"stroke",0.119749437195619,0.12361485006682
2,4,"stroke",0.14249366113378,0.146439077512547
1,5,"stroke",0.119381000360921,0.123675559304524
2,5,"stroke",0.142065179270508,0.146491968758151
1,6,"stroke",0.119103224559362,0.123799691860075
2,6,"stroke",0.141722620681949,0.14659936324791
1,7,"stroke",0.11898256528686,0.124026825232677
2,7,"stroke",0.141528763310608,0.146790876379458
1,8,"stroke",0.119092560866556,0.124501554459771
2,8,"stroke",0.141458516776911,0.147192415113533
1,9,"stroke",0.119388954973802,0.125244761535141
2,9,"stroke",0.141424508741736,0.147869998364743
1,10,"stroke",0.119761406138922,0.126109485118023
2,10,"stroke",0.141396045718692,0.14876389912702
1,11,"stroke",0.120098573602644,0.126945426001172
2,11,"stroke",0.141342468622807,0.149814022208089
1,12,"stroke",0.120287928971438,0.127598397746804
2,12,"stroke",0.141233173971854,0.150959128844412
1,13,"stroke",0.120267909742073,0.128019181881714
2,13,"stroke",0.140845976563922,0.152371016247944
1,14,"stroke",0.120113269897753,0.128308288654369
2,14,"stroke",0.140136775869977,0.154100847702672
1,15,"stroke",0.119915495474075,0.128534588089732
2,15,"stroke",0.13934051449999,0.155898264509121
1,16,"stroke",0.119765653503401,0.128767639464345
2,16,"stroke",0.138687708541182,0.157501622197067
1,17,"stroke",0.119754409704173,0.129077539843313
2,17,"stroke",0.138404902006642,0.15863908209419
1,18,"stroke",0.119927722486944,0.129487085813213
2,18,"stroke",0.138684736910501,0.159250463139983
1,19,"stroke",0.120225553702733,0.129950175692899
2,19,"stroke",0.139377001012294,0.159507327731335
1,20,"stroke",0.120579425303979,0.130433756997828
2,20,"stroke",0.140191821994778,0.159482878558702
1,21,"stroke",0.120920226922497,0.130904307500716
2,21,"stroke",0.140833905450256,0.159252058785934
1,22,"stroke",0.121178093012323,0.131327825813422
2,22,"stroke",0.141003082206626,0.158890408051021
1,23,"stroke",0.12132201642337,0.131681134808124
2,23,"stroke",0.140534675728645,0.158203642813824
1,24,"stroke",0.121398151692316,0.131986334518966
2,24,"stroke",0.139631258025392,0.157146750369544
1,25,"stroke",0.121452115335516,0.132277298638501
2,25,"stroke",0.138541878424966,0.156015464197599
1,26,"stroke",0.121529651232105,0.132588222660654
2,26,"stroke",0.137509834481686,0.155098072090676
1,27,"stroke",0.121676633334435,0.132953631416273
2,27,"stroke",0.136771532899965,0.154676683498224
1,28,"stroke",0.122013580040855,0.133497936810295
2,28,"stroke",0.136414323620952,0.154617675436441
1,29,"stroke",0.122511296899618,0.134200182027923
2,29,"stroke",0.136277200762393,0.154588895693191
1,30,"stroke",0.122989675472651,0.134874749014879
2,30,"stroke",0.136221560046225,0.154573432534747
1,31,"stroke",0.123265997356984,0.135332461154271
2,31,"stroke",0.136109473694823,0.154554389187946
1,32,"stroke",0.123156580419568,0.135382300160161
2,32,"stroke",0.135803562821415,0.15451487851715
1,33,"stroke",0.122488939205965,0.134835226433849
2,33,"stroke",0.135240451103392,0.154241389538146
1,34,"stroke",0.121391795924508,0.133822732245877
2,34,"stroke",0.134514075845244,0.153649106138198
1,35,"stroke",0.120131571657114,0.132633114993669
2,35,"stroke",0.133722974433991,0.152913774985318
1,36,"stroke",0.11896589830737,0.131546745861533
2,36,"stroke",0.132963671345377,0.152208751135112
1,37,"stroke",0.118142858001873,0.130835265884754
2,37,"stroke",0.132330557477726,0.151704357113383
1,38,"stroke",0.117688162538639,0.130525771892931
2,38,"stroke",0.131882479345605,0.15147956992687
1,39,"stroke",0.117431241345142,0.130432989807379
2,39,"stroke",0.13155465344317,0.151419449994814
1,40,"stroke",0.117321896823823,0.130506791405717
2,40,"stroke",0.131255651596599,0.151402351267958
1,41,"stroke",0.117310814320117,0.130697720402374
2,41,"stroke",0.130894991878422,0.151306885669342
1,42,"stroke",0.117349047066987,0.13095645316498
2,42,"stroke",0.130383250662958,0.151012064413605
1,43,"stroke",0.117503122555995,0.131355765296147
2,43,"stroke",0.129622505027869,0.150395347432928
1,44,"stroke",0.117806225449811,0.131930400825104
2,44,"stroke",0.128676278164816,0.149540600613154
1,45,"stroke",0.118159161339576,0.132573005971624
2,45,"stroke",0.127695893927993,0.14863511230055
1,46,"stroke",0.118461769508276,0.133174408077239
2,46,"stroke",0.126828431602666,0.147862110009727
1,47,"stroke",0.118612926349701,0.133623507490127
2,47,"stroke",0.126217171794059,0.14740125625868
1,48,"stroke",0.11855832077626,0.133860770209625
2,48,"stroke",0.125849437536547,0.14723965438661
1,49,"stroke",0.118365203862721,0.133958872729546
2,49,"stroke",0.125626482798053,0.147255199127823
1,50,"stroke",0.118114500368115,0.134004521671062
2,50,"stroke",0.125561036785008,0.147462962049268
1,51,"stroke",0.117886670872803,0.134084728372014
2,51,"stroke",0.125666360735517,0.147878814874985
1,52,"stroke",0.117761593176686,0.134286751033669
2,52,"stroke",0.125956423018672,0.148519639473399
1,53,"stroke",0.117742860592567,0.134611289192952
2,53,"stroke",0.126535050097942,0.149500509760942
1,54,"stroke",0.117777046349177,0.135000757969258
2,54,"stroke",0.127397083014985,0.150817882872435
1,55,"stroke",0.117858310922497,0.135455491132789
2,55,"stroke",0.128392036483638,0.152308965216884
1,56,"stroke",0.117980860008778,0.135975914291713
2,56,"stroke",0.129365505987791,0.153805419207403
1,57,"stroke",0.11813892262157,0.136562545354122
2,57,"stroke",0.130158500488986,0.15513237174881
1,58,"stroke",0.118382217530541,0.137305266622592
2,58,"stroke",0.130738356133508,0.156248159849608
1,59,"stroke",0.118715222450292,0.138206747686152
2,59,"stroke",0.131208523419779,0.157266065039588
1,60,"stroke",0.119063859311351,0.139134603496864
2,60,"stroke",0.131611980709467,0.158240326133789
1,61,"stroke",0.119353246360056,0.139953033454727
2,61,"stroke",0.131992408984079,0.159226653592081
1,62,"stroke",0.119507836081384,0.140523231776694
2,62,"stroke",0.132394042320837,0.160282174422186
1,63,"stroke",0.119284555788246,0.140806813229966
2,63,"stroke",0.132714082825893,0.161289105094101
1,64,"stroke",0.118735245295415,0.140984990660474
2,64,"stroke",0.132922179955795,0.162207992002638
1,65,"stroke",0.118224084046617,0.14124804922519
2,65,"stroke",0.133172665745002,0.163217844677163
1,66,"stroke",0.118109925820187,0.141787878252612
2,66,"stroke",0.133621160507404,0.164502297997649
1,67,"stroke",0.11875290347617,0.142800429512799
2,67,"stroke",0.134425979234197,0.166251665683072
1,68,"stroke",0.120388067975649,0.145001088397231
2,68,"stroke",0.135654419112513,0.16857074746499
1,69,"stroke",0.122806638252634,0.148623828152203
2,69,"stroke",0.137211519590459,0.1713563018623
1,70,"stroke",0.125705268894657,0.153136084023639
2,70,"stroke",0.139014683907412,0.174490148179985
1,71,"stroke",0.128757462703916,0.157955598419554
2,71,"stroke",0.140978159635379,0.177846779705448
1,72,"stroke",0.131605087578854,0.162426685142805
2,72,"stroke",0.14301172286437,0.181291175566986
1,73,"stroke",0.134201903368044,0.16646624525113
2,73,"stroke",0.145159377578025,0.1848726097389
1,74,"stroke",0.136783706307087,0.17050761439757
2,74,"stroke",0.147491555996182,0.188697519831454
1,75,"stroke",0.139393708305086,0.174617515562369
2,75,"stroke",0.149951320739759,0.192705008196193
1,76,"stroke",0.142078546970233,0.178869340089268
2,76,"stroke",0.152477930140484,0.196828724096212
1,77,"stroke",0.144888458013254,0.183343584824395
2,77,"stroke",0.155006429192795,0.200996314956536
1,78,"stroke",0.147927512562376,0.188171245380168
2,78,"stroke",0.157567201881693,0.205217821469994
1,79,"stroke",0.151174446577001,0.193321474661512
2,79,"stroke",0.160206575217441,0.209545863909914
1,80,"stroke",0.154485310688642,0.198624226901763
2,80,"stroke",0.162877921689542,0.213966276495667
1,81,"stroke",0.157703185467585,0.203889847877187
2,81,"stroke",0.165531418599106,0.218463533985917
1,82,"stroke",0.160658354502162,0.208908555584893
2,82,"stroke",0.168114028884381,0.223020684246759
1,83,"stroke",0.163279263678143,0.213616978104603
2,83,"stroke",0.1706527288625,0.227724855300229
1,84,"stroke",0.165658434998686,0.218127407073657
2,84,"stroke",0.173179162950702,0.232593752234478
1,85,"stroke",0.167868006394546,0.222483150004293
2,85,"stroke",0.175642844606108,0.237497021124321
1,86,"stroke",0.169985244509333,0.226732574967226
2,86,"stroke",0.177990582506971,0.242293070187833
1,87,"stroke",0.172091921635407,0.230928807274306
2,87,"stroke",0.180166745029461,0.246829302816181
1,88,"stroke",0.174116800085427,0.234930112341225
2,88,"stroke",0.182057654841853,0.250905456321066
1,89,"stroke",0.175997743534368,0.238680707083184
2,89,"stroke",0.1836878452625,0.254593727246231
1,90,"stroke",0.177837074206016,0.242376507499871
2,90,"stroke",0.185212618892467,0.258156071476983
1,91,"stroke",0.179741699823941,0.246226522478602
2,91,"stroke",0.18679313726838,0.261870685891285
1,92,"stroke",0.181823189526691,0.250453302675623
2,92,"stroke",0.188596211325314,0.26603217962542
1,93,"stroke",0.184120916357679,0.255143765771391
2,93,"stroke",0.190667933897025,0.270741736315388
1,94,"stroke",0.186567235754319,0.260170715233113
2,94,"stroke",0.192903747006121,0.275825723363163
1,95,"stroke",0.189115318334316,0.26544169821512
2,95,"stroke",0.195247533398544,0.281174759674398
1,96,"stroke",0.191715757459377,0.27085646438856
2,96,"stroke",0.197640489530762,0.286670762851288
1,97,"stroke",0.194316361771705,0.276306193428858
2,97,"stroke",0.20002088340856,0.292186042530219
1,98,"stroke",0.196916174538269,0.281788581674623
2,98,"stroke",0.202387560885843,0.297717610691877
1,99,"stroke",0.199550770924491,0.287379749895619
2,99,"stroke",0.204782241250554,0.303353900646753
1,100,"stroke",0.202220616310113,0.293081856472915
2,100,"stroke",0.207205255837112,0.309096894952714
